,AIQ,R2_log_ros_p,R2_ros_p,corr_log_ros_p,corr_ros_p,cv,entropy,kurtosis,max,max_entropy,mean,median,min,mode,mode2,mode2_freq,mode2_pct,mode_freq,mode_pct,n,n_missing,n_negative,n_positive,n_total,n_unique,n_zeros,normality_p,normality_stat,pct_complete,pct_missing,pct_negative,pct_positive,pct_unique,pct_zeros,q25,q75,range,rel_entropy,sem,shapiro_p,shapiro_stat,skewness,std,var,VIF,var_type
1_3y_fir_p,0.0,0.008219257767410984,0.008640827483601173,-0.09066012225565871,-0.09295605135547214,242.7653332470099,,6.329382131111748,4.570156400764922,,0.3917968996247344,0.0,0.0,,,,,,,851,0,0.0,197.0,851,,654.0,6.907022905298133e-103,470.4674517440825,100.0,0.0,0.0,23.149236192714454,,76.85076380728555,0.0,0.0,4.570156400764922,,0.03260490091825626,3.288061042548728e-44,0.4782549296530689,2.665579264165659,0.9511470490254392,0.9046807088698013,1.008716142164366,numeric
3_8y_fir_p,2.630092706029162,0.0001468796264726713,0.00014248920080273215,0.012119390515726082,0.011936884049144992,141.75353831517242,,-0.7886717023298191,4.61512051684126,,1.1512453840286891,0.0,0.0,,,,,,,851,0,0.0,335.0,851,,516.0,1.3296008412574448e-35,160.61119895391613,100.0,0.0,0.0,39.365452408930665,,60.634547591069335,0.0,2.630092706029162,4.61512051684126,,0.055941876479384145,2.4546019409335844e-36,0.7003291408101585,0.9490550722086689,1.6319310665507618,2.663199005973507,1.0001425095068686,numeric
8_ny_fir_p,1.7587667616140203,0.0018759370119060643,0.0019736732713756667,0.04331208851932754,0.044426042715682734,50.679822377473194,,-0.21407185663113326,4.61512051684126,,3.2983409621115616,4.144773552793196,0.0,,,,,,,851,0,0.0,713.0,851,,138.0,1.4833879904819573e-29,132.76127808496042,100.0,0.0,0.0,83.78378378378379,,16.216216216216218,2.771622321499998,4.530389083114018,4.61512051684126,,0.057301481737042914,4.907731343787246e-35,0.7281593364935577,-1.1793852018082895,1.67159334100158,2.7942242976808247,1.0019775763609815,numeric
BLH_m_av,1.2153026463717405,0.08870458034551523,0.086488468991571,0.29783314178498543,0.29408921944126243,14.161926965142241,,0.945266963813439,8.129926043184277,,6.437784312435514,6.496800011525111,2.750479392159446,,,,,,,851,0,0.0,851.0,851,,0.0,4.845764357920529e-21,93.55236391552536,100.0,0.0,0.0,100.0,,0.0,5.924380159571458,7.139682805943198,5.37944665102483,,0.03125316411935789,7.352848339769742e-15,0.9581589549062651,-0.8311197805946942,0.911714312500502,0.8312229876182631,1.0946769318785676,numeric
BLH_m_rt,1.259346334682344,0.0010077618152329211,0.0006224177979109981,0.03174526445366176,0.02494830250560142,22.187091549587635,,1.4860516652640778,7.217483227796858,,4.751113174401365,4.870558676067563,0.093824118553869,,,,,,,743,108,0.0,743.0,851,,0.0,1.9589730228117816e-19,86.15339279783359,87.3090481786134,12.690951821386603,0.0,87.3090481786134,,0.0,4.147076829826372,5.406423164508716,7.12365910924299,,0.038672419508528316,9.278171113678753e-12,0.9676273399165212,-0.7712770447607279,1.05413382962895,1.1111981307681962,1.0006228054431034,numeric
CBH_m_av,0.6519675019694091,0.007930792839837908,0.009671425531571323,0.08905499896040597,0.09834340614180151,11.205403777586351,,4.80886380339988,9.33725565091803,,8.041473277809956,8.141850241322212,3.779220351115564,,,,,,,323,528,0.0,323.0,851,,0.0,2.7356428175443596e-29,131.5372025094649,37.95534665099882,62.04465334900118,0.0,37.95534665099882,,0.0,7.842461585262683,8.494429087232092,5.558035299802466,,0.05013740736030735,5.479710584002018e-17,0.8513633622694916,-1.8051621983145234,0.9010795504453137,0.8119443562307287,1.0097658754689196,numeric
CCL_hPa_av,0.3714751035419699,0.0026919942842506686,0.002525628527377467,-0.05188443200277583,-0.05025563179761515,2.97236270567513,,-0.9210126000519598,6.857496972514893,,6.595958644301731,6.579654428168898,6.09253538699539,,,,,,,851,0,0.0,851.0,851,,0.0,1.307456202821397e-28,128.40859836864698,100.0,0.0,0.0,100.0,,0.0,6.450280427580026,6.821755531121996,0.7649615855195027,,0.006720706775430983,2.744438997516804e-19,0.9315224178753783,-0.20838295884540745,0.19605581482497952,0.03843788252668666,1.0025320234781057,numeric
CMLG_av,0.3279798282453755,0.010652695558059526,0.009363791221077078,0.10321189639794207,0.09676668445842855,28.97954267884424,,0.2677820842359764,1.465913055958268,,0.8867649187008136,0.904760953248356,-0.081616581123954,,,,,,,851,0,1.0,850.0,851,,0.0,7.860315551866196e-05,18.902197425574204,100.0,0.0,0.11750881316098707,99.88249118683902,,0.0,0.727694485847065,1.0556743140924405,1.547529637082222,,0.008809175277242927,1.2934667677248125e-05,0.989844536725464,-0.34952164282937725,0.2569804180759207,0.06603893527447498,1.0094523005903642,numeric
Cape_av,2.448198857935519,0.024928613587256752,0.024214229263377917,-0.15788797796937154,-0.1556092197248541,153.7571125734478,,0.24595466320641401,7.018628106620164,,1.2720847187920994,0.0,0.0,,,,,,,851,0,0.0,378.0,851,,473.0,4.437564247789035e-33,148.99040487146357,100.0,0.0,0.0,44.41833137485312,,55.58166862514688,0.0,2.448198857935519,7.018628106620164,,0.06704809921044516,9.820811739987414e-37,0.6913751561356553,1.2813786410358692,1.9559207331027952,3.825625914181376,1.0248151079771317,numeric
Cin_av,1.5355573623749192,0.0410332228658662,0.038639162189446505,-0.2025665887205148,-0.19656846692551302,-47.63848267887625,,1.221861099828259,0.667792985114191,,-4.27566860497573,-5.104329786960525,-6.148221847260336,,,,,,,23,828,21.0,2.0,851,,0.0,0.0074789845658473336,9.791316498880043,2.7027027027027026,97.2972972972973,2.4676850763807283,0.23501762632197415,,0.0,-5.555828930688232,-4.020271568313313,6.8160148323745275,,0.4247154300325693,0.0002046491451587681,0.782632751654684,1.502443223587435,2.0368636477875133,4.148813519678256,1.040192153320334,numeric
CircVar,0.032555960560106005,0.09292951531294229,0.0873291589765738,-0.3048434275377153,-0.29551507402596877,217.7950961244661,,10.127029808819826,0.648025395719519,,0.046353074226313816,0.005122035911134,1.7158046e-08,,,,,,,743,108,0.0,743.0,851,,0.0,7.022092827292756e-110,502.67059786438267,87.3090481786134,12.690951821386603,0.0,87.3090481786134,,0.0,0.000576514631797,0.033132475191903,0.648025378561473,,0.0037036695652629343,6.534892243509063e-41,0.5140060999499892,3.135318685140295,0.10095472256784531,0.010191856008750614,1.0956852734318179,numeric
DC_12h_av,0.30471708674056064,0.022454537098032617,0.02399591189038826,0.14984838036506307,0.1549061389693393,4.301548215714857,,9.082413369242783,7.066318229520562,,6.59162334980058,6.63915246150774,4.369990928120628,,,,,,,851,0,0.0,851.0,851,,0.0,2.714804935434452e-82,375.62651504338487,100.0,0.0,0.0,100.0,,0.0,6.445289071114007,6.750006157854568,2.6963273013999345,,0.009719689662883887,9.7447365516245e-24,0.8940495032349404,-1.7798434728748815,0.28354185658999076,0.0803959844384989,1.024585872316237,numeric
EL_m_av,0.20700073789162632,0.03665288596625809,0.03940291058240658,0.19144943448926166,0.198501663928559,15.250616232962184,,11.872077765383782,2.314502159965623,,2.024756709452042,2.102513794205,0.676310241515799,,,,,,,78,773,0.0,78.0,851,,0.0,1.0721023436970216e-17,78.148650105881,9.16568742655699,90.83431257344301,0.0,9.16568742655699,,0.0,1.967240467334841,2.1742412052264672,1.6381919184498241,,0.0349633419748688,3.5398444304737395e-13,0.6044663729671642,-3.2968506730369596,0.30878787540968405,0.09534995200002656,1.0410191858964473,numeric
FFMC_12h_a,0.028395053888820243,0.01029894916110035,0.009936079313015976,0.1014837384071968,0.09967988419443502,0.6288789180054385,,6.956845580426961,4.601642947469081,,4.546818677301527,4.552763476331131,4.333409012698437,,,,,,,851,0,0.0,851.0,851,,0.0,7.450148177519157e-80,364.3971470354602,100.0,0.0,0.0,100.0,,0.0,4.535034580267965,4.563429634156785,0.2682339347706444,,0.0009801891510280171,2.402594804292486e-25,0.8772952901059781,-1.86075176081552,0.028593984101483033,0.0008176159267958645,1.0100357957758137,numeric
FWI_12h_av,0.314276600045444,0.03454584593578076,0.036451626017084675,0.18586512834789842,0.19092308927179205,6.487444314067371,,4.068379547399111,4.48060902551117,,3.8715401837543455,3.886320434616001,2.24041443309043,,,,,,,851,0,0.0,851.0,851,,0.0,1.6530533411507814e-39,178.59638907830163,100.0,0.0,0.0,100.0,,0.0,3.734971717114889,4.049248317160333,2.2401945924207403,,0.00860979149687776,6.2391069908281e-15,0.95780046810994,-0.9399932935723518,0.25116401351780476,0.063083361686372,1.0378306133883124,numeric
HDW_av,1.070561054012794,0.1619870051309334,0.1591852843509618,0.4024760926203361,0.39898030571816673,8.870271286563872,,0.8815828846337359,11.617765306038063,,9.936179108106444,10.10695341015588,6.243073259186341,,,,,,,851,0,0.0,851.0,851,,0.0,6.11420320729613e-24,106.90285554509903,100.0,0.0,0.0,100.0,,0.0,9.483658170840718,10.554219224853512,5.374692046851722,,0.03021283881905565,2.4157033605526543e-17,0.9443711278231949,-0.9297565701443203,0.8813660424079242,0.7768061007098068,1.1893226669184591,numeric
Haines_av,,,0.001984669106608721,,0.04454962521288727,,0.29359128421803105,,,1.0,,,,4.0,2.0,44.0,5.170387779083431,807.0,94.82961222091657,851,0,,,851,2.0,,,,100.0,0.0,,,0.23501762632197415,,,,,0.29359128421803105,,,,,,,1.0019886158510534,categorical
HigCC_p_av,2.7815846494757475,0.009640814855812856,0.009475047947678273,0.09818765123890506,0.09733985796002721,126.87590193002694,,-0.9799282513669518,4.61512051684126,,1.3411914384812427,0.021033185866653,0.0,,,,,,,851,0,0.0,444.0,851,,407.0,7.991107005266133e-52,235.31219107332976,100.0,0.0,0.0,52.17391304347826,,47.82608695652174,0.0,2.7815846494757475,4.61512051684126,,0.05833176734607745,6.492349017719143e-34,0.7504510170415841,0.797669329304285,1.7016487341813789,2.8956084145410887,1.0095656832551734,numeric
LCL_hPa_av,0.1739446921809913,0.10296506094378326,0.10006775184840273,-0.3208816930642558,-0.3163348729564964,1.6618020276471417,,-0.8388143739082632,6.87036872721411,,6.632015322537917,6.637820171075841,6.329997542458134,,,,,,,851,0,0.0,851.0,851,,0.0,2.098527930084442e-19,86.0157613072738,100.0,0.0,0.0,100.0,,0.0,6.547553163690601,6.7214978558715925,0.5403711847559762,,0.0037779832266701665,4.931864281523045e-09,0.9811156222752788,-0.14651817877690188,0.11021096510380424,0.012146456829111956,1.1111947616655982,numeric
LFC_hPa_av,0.4297531005451143,0.003956273687898444,0.004188028584820057,0.06289891642865117,0.06471497960148065,3.6465069615957786,,-0.3697474283565998,6.85751406254539,,6.636324256461894,6.783138275817763,5.738572543512364,,,,,,,470,381,0.0,470.0,851,,0.0,8.147325219242458e-12,51.066662873002365,55.229142185663925,44.770857814336075,0.0,55.229142185663925,,0.0,6.398227943598598,6.827981044143712,1.1189415190330267,,0.011162352057352228,6.03736084388223e-23,0.8131227952588016,-0.8796845429870265,0.24199402600595224,0.05856110862256949,1.0042056419334549,numeric
LiftIdx_av,0.42158392194957317,0.08031304858228104,0.07972129232083033,-0.283395569094298,-0.2823495923865135,11.421138714889608,,-0.06493142527651097,3.452314721351751,,2.804068005229582,2.871590000737119,1.827256800893807,,,,,,,851,0,0.0,851.0,851,,0.0,2.2716996323627846e-12,53.62098565575009,100.0,0.0,0.0,100.0,,0.0,2.613119798540543,3.0347037204901164,1.625057920457944,,0.010978251311108285,3.3092700647094176e-14,0.9613451636878494,-0.6666985488778799,0.3202564965371085,0.102564223574223,1.086627335453493,numeric
LowCC_p_av,0.1053247057014675,0.038622568358899094,0.03604941542902035,-0.19652625361233317,-0.18986683604310772,229.19104184261153,,6.1505200423217,4.522067840233825,,0.3691117696713476,0.0,0.0,,,,,,,851,0,0.0,270.0,851,,581.0,2.6084498388786127e-100,458.5995063719625,100.0,0.0,0.0,31.727379553466513,,68.2726204465335,0.0,0.1053247057014675,4.522067840233825,,0.028999516178866612,2.5229124306032453e-43,0.5084482856825598,2.5949016183310007,0.8459711104734622,0.7156671197557029,1.0373975761890997,numeric
MidCC_p_av,1.13316307750315,9.636754748795808e-07,2.49748865997784e-05,0.0009816697381907933,0.004997488028977998,163.20679129646933,,0.7554667599554152,4.497599112527275,,0.7127894711544157,0.0,0.0,,,,,,,851,0,0.0,351.0,851,,500.0,3.21839799637189e-41,186.47421018731345,100.0,0.0,0.0,41.24559341950646,,58.75440658049354,0.0,1.13316307750315,4.497599112527275,,0.039878124271235486,8.22028265320821e-38,0.6660394167463661,1.4561165180762674,1.1633208245701947,1.3533153408786776,1.0000249755103603,numeric
Recirc,0.030998375816657,0.1125803280478962,0.10479642636624714,-0.33552992124085773,-0.3237227615819548,214.43620164578778,,11.31400786282639,0.534690443805093,,0.03935896952663936,0.005039188228883,1.6963365e-08,,,,,,,743,108,0.0,743.0,851,,0.0,8.51055694879612e-115,525.311956614959,87.3090481786134,12.690951821386603,0.0,87.3090481786134,,0.0,0.0005779407087,0.031576316525357,0.534690426841728,,0.0030963312678760108,8.531306846001558e-41,0.5179410019828253,3.261840508806291,0.08439987925984854,0.007123339619077011,1.1170643521236898,numeric
TotCC_p_av,3.2047366281942473,0.0020782507033296114,0.0026930963354180985,0.04558783503665875,0.05189505116500126,98.8086746764114,,-1.3771526217358059,4.61512051684126,,1.7195512350720927,1.430418441193026,0.0,,,,,,,851,0,0.0,593.0,851,,258.0,0.0,36785.4487006346,100.0,0.0,0.0,69.68272620446534,,30.317273795534668,0.0,3.2047366281942473,4.61512051684126,,0.05824322501442303,2.5866580565183497e-28,0.8410997405487852,0.3955930375391236,1.6990657857565983,2.886824544328687,1.0027003686884373,numeric
VPD_Pa_av,0.8761587638859911,0.11051578862852003,0.10613417364055508,0.33243915026440557,0.32578240228802274,8.289258296888708,,0.2821651221144772,8.758431187034969,,7.575817426260899,7.648236919335305,5.058323430567999,,,,,,,851,0,0.0,851.0,851,,0.0,9.879683116186309e-13,55.28625154187534,100.0,0.0,0.0,100.0,,0.0,7.191790777867331,8.067949541753322,3.70010775646697,,0.02152684542927352,2.187669505659927e-12,0.969348990522966,-0.6613492454361707,0.6279790745634721,0.3943577180895949,1.1187361352349945,numeric
VentIdx_av,0.9076721689679825,0.032458704302171355,0.034441511300006646,0.18016299370895056,0.1855842431350427,6.893885138572643,,0.8870603706827382,10.619502085661507,,9.114680813843227,9.163941970306961,5.456354027429082,,,,,,,851,0,0.0,851.0,851,,0.0,5.797786308059452e-10,42.53674951253448,100.0,0.0,0.0,100.0,,0.0,8.66139643665559,9.569068605623572,5.163148058232425,,0.02153975344812048,1.2282516074921553e-07,0.9850339492599463,-0.4575547562556722,0.6283556260538703,0.39483079279355127,1.0356700414351676,numeric
aspect_cos,1.048575354706545,1.7338339754390277e-05,1.3368869539076267e-05,-0.004163933207244117,-0.003656346474156445,-468.8805250192385,,-1.4937505744634023,0.693091967619275,,-0.10772089431017602,-0.226632701182935,-0.69314606766089,,,,,,,851,0,509.0,342.0,851,,0.0,0.0,6525.008790332873,100.0,0.0,59.811985898942424,40.188014101057576,,0.0,-0.614720116068707,0.43385523863783804,1.386238035280165,,0.017313998076632135,2.7742572450045684e-26,0.8666346292970539,0.3046149508501174,0.5050822947969724,0.25510812451737575,1.0000133690482682,numeric
aspect_sin,1.0283237255798645,0.0005578476324833458,0.0009856635269099184,-0.02361879828618183,-0.03139527873598064,-718.4584386953619,,-1.5527961166484958,0.693145871671871,,-0.07077834405714604,-0.170841509165261,-0.693146862246028,,,,,,,851,0,472.0,379.0,851,,0.0,0.0,5449.631891149577,100.0,0.0,55.4641598119859,44.535840188014106,,0.0,-0.5817024997575465,0.446621225822318,1.386292733917899,,0.01743160064436766,1.0478176424987361e-25,0.8732778454778876,0.20158715885316994,0.508512985647403,0.2585854565720359,1.0009866360180473,numeric
d_2m_C_av,0.5556886670652736,0.021596004187065154,0.021007462528955204,-0.14695578990657412,-0.14493951334593064,32.13383502470496,,10.569188843183513,3.000601685322906,,2.2417097733955087,2.432615992098742,-1.572614499763021,,,,,,,851,0,27.0,824.0,851,,0.0,5.787914644378541e-122,558.3192185672211,100.0,0.0,3.172737955346651,96.82726204465335,,0.0,2.0916560393666117,2.6473447064318854,4.573216185085927,,0.024693188113958365,2.708571833847637e-37,0.6784204472075686,-2.9934146635896686,0.7203473203156001,0.5189002618858658,1.0214582458240409,numeric
dfmc_av,0.42916549102626034,0.14217367145552748,0.13769480191423228,-0.3770592413076856,-0.37107250223404087,12.456778490399984,,-0.7381536574489806,3.046408962707371,,2.3554799268136044,2.341515957192334,1.640166819568346,,,,,,,851,0,0.0,851.0,851,,0.0,1.0221156316426008e-12,55.21829297607946,100.0,0.0,0.0,100.0,,0.0,2.134941716135267,2.5641072071615274,1.406242143139025,,0.010058202369503765,1.256275145862141e-07,0.9850596274813496,0.15269064782644592,0.29341691686900634,0.08609348710491337,1.159682212539019,numeric
duration_p,1.3769935712215466,0.27505771013631053,0.2829906385606294,-0.5244594456545811,-0.5319686443397105,48.692305225926404,,-1.2051643772038034,3.178053830347946,,1.4621025778113788,1.386294361119891,0.154150965541503,,,,,,,851,0,0.0,851.0,851,,0.0,1.6158349568747445e-140,643.76412238986,100.0,0.0,0.0,100.0,,0.0,0.7920601291479765,2.169053700369523,3.023902864806443,,0.024404695791776974,1.0760883984994764e-18,0.9356491399977241,0.279579314168741,0.7119314499040547,0.5068463893624895,1.3946819299437538,numeric
elev_av,0.997280171113303,0.01101705181091843,0.012561004888788491,-0.10496214465662575,-0.11207588897166282,11.208776319726596,,0.3691089994082759,7.303532117008106,,6.061315509649752,6.274025860671314,3.54097759318448,,,,,,,851,0,0.0,851.0,851,,0.0,6.861537148646971e-21,92.85671092418248,100.0,0.0,0.0,100.0,,0.0,5.599235165802556,6.596515336915859,3.762554523823626,,0.023289507970327406,9.703958987476675e-20,0.9282555418633761,-0.9100633095850366,0.6793992975095369,0.46158340545645227,1.0127207908042701,numeric
f_load_av,0.26388427167858897,0.00031864114220685023,0.00020345447413532824,0.017850522183030116,0.014263746847701982,7.048381125324774,,12.240785208804573,3.437363034990904,,2.991825215427958,2.997173856924017,1.168345626682785,,,,,,,851,0,0.0,851.0,851,,0.0,1.5391325516464165e-90,413.602878779782,100.0,0.0,0.0,100.0,,0.0,2.8712795794497197,3.1351638511283086,2.2690174083081187,,0.0072287102576103785,3.810833038219202e-23,0.8997595443540185,-1.8507451001097732,0.21087524378693143,0.044468368442197766,1.0002034958762818,numeric
f_start,2.782866304998021,0.06572071591080644,0.06273096099900044,-0.25636051940735033,-0.25046149604080953,51.31829273468844,,-0.2052577678981904,9.635673464721814,,5.5905498785384635,6.580639137284949,0.0,,,,,,,851,0,0.0,704.0,851,,147.0,4.55075214885292e-24,107.4934994102316,100.0,0.0,0.0,82.7262044653349,,17.2737955346651,4.795790545596741,7.578656850594762,9.635673464721814,,0.09834718787865825,4.997743976535323e-29,0.8312715897438299,-1.0194706555726216,2.8689747521471376,8.23101612845773,1.0669295137134402,numeric
fuel_model,,,0.0397631554064782,,0.19940700942163042,,2.437515297145464,,,3.700439718141092,,,,233.0,223.0,158.0,18.566392479435958,360.0,42.30317273795535,851,0,,,851,13.0,,,,100.0,0.0,,,1.527614571092832,,,,,0.6587096352889501,,,,,,,1.0414097372230184,categorical
gT_5_3_av,0.07232565413017777,0.004590108233277419,0.005101934603161167,0.0677503375141218,0.07142782793254437,-2.6911021405684115,,1.1509067616555684,-1.892800751274906,,-2.1626981867420274,-2.171864519912035,-2.277130433920864,,,,,,,851,0,851.0,0.0,851,,0.0,3.302535032883767e-23,103.52953354703189,100.0,0.0,100.0,0.0,,0.0,-2.2031385240363095,-2.1308128699061317,0.3843296826459577,,0.0019950846066003475,2.7916714682786814e-15,0.9560145370198141,0.8639394481501365,0.05820041719744892,0.0033872885619571085,1.0051280978228923,numeric
gT_7_5_av,0.1354484334382644,0.0004464361800427365,0.00047421104861048726,-0.021129036420119506,-0.02177638740954264,-5.446130673127667,,0.5061613821907094,-1.584206045221887,,-2.0622821484053344,-2.06233903664139,-2.391353897190845,,,,,,,851,0,851.0,0.0,851,,0.0,0.02520386208524201,7.361516077713189,100.0,0.0,100.0,0.0,,0.0,-2.122902340508194,-1.9874539070699295,0.8071478519689579,,0.003850094238892927,0.0010987690871987073,0.9936236999735344,-0.07787327987483687,0.11231458065073914,0.012614565026751387,1.0004744360314184,numeric
gT_8_7_av,0.24083101122214368,0.004725753092031727,0.006036829395929897,-0.06874411314455753,-0.07769703595330968,-10.075420249925944,,2.771440808946672,-0.745817272208092,,-2.055000763936507,-2.074528217601033,-2.442733555278102,,,,,,,851,0,851.0,0.0,851,,0.0,2.37918276074371e-38,173.2629529657936,100.0,0.0,100.0,0.0,,0.0,-2.198162718237202,-1.9573317070150584,1.6969162830700102,,0.007097581324685786,9.706565352150979e-17,0.9479815939764235,1.068547559421706,0.20704996310579168,0.042869687222109695,1.0060734940433065,numeric
gT_9_8_av,0.6631974784954004,0.01927972578418233,0.017256299327197598,-0.13885145222208636,-0.1313632343054844,-39.40613445027351,,5.6564261752584475,1.554605035153955,,-1.8417461044324361,-2.055675137019666,-2.485344599735176,,,,,,,851,0,814.0,37.0,851,,0.0,1.6245441663375126e-89,408.88969202612515,100.0,0.0,95.65217391304348,4.3478260869565215,,0.0,-2.3308466939797365,-1.667649215484336,4.0399496348891315,,0.024878764817337095,8.9410500197959e-35,0.7334741091891146,2.2846109838828945,0.7257609461453206,0.5267289509497509,1.0175593080020597,numeric
gT_s_9_av,3.8881788622989495,0.09627241523083344,0.08838582834584785,-0.3102779644622438,-0.29729754177565587,-222.7199545391074,,-0.8684940081635975,4.402975935422418,,-0.9613058149154219,-1.8772394534465726,-3.848496708090411,,,,,,,366,485,257.0,109.0,851,,0.0,1.3799480130676752e-15,68.43346113628252,43.00822561692127,56.99177438307873,30.19976498237368,12.808460634547592,,0.0,-2.6668619434333323,1.2213169188656172,8.25147264351283,,0.11191290159266773,1.2139054346719801e-17,0.8596328578350738,0.7684903016276031,2.1410198739614232,4.583966100697788,1.096955303125081,numeric
gp_300_av,0.01094037724490704,0.0022614871520474007,0.0023474888676420108,0.04755509596297121,0.048450891298736816,0.0697880863206323,,-0.3964771854829414,11.472830257057842,,11.45449575252241,11.45507381930067,11.429805285224115,,,,,,,851,0,0.0,851.0,851,,0.0,2.1122854917783222e-05,21.530309864460534,100.0,0.0,0.0,100.0,,0.0,11.449476670987956,11.460417048232863,0.04302497183372722,,0.00027402645036296786,1.0437774047115792e-08,0.9820765438902875,-0.3082656505484095,0.0079938733833635,6.39020116692474e-05,1.0023530125383813,numeric
gp_500_av,0.012802696388479973,0.0007177794826049844,0.0007703025762783591,0.026791406879911783,0.027754325361614523,0.08396837963793685,,-0.09785236405519937,10.979590126836738,,10.961172144697414,10.961315367684978,10.929032133076687,,,,,,,851,0,0.0,851.0,851,,0.0,3.1146705958360855e-07,29.963944504071524,100.0,0.0,0.0,100.0,,0.0,10.95539361240736,10.96819630879584,0.050557993760051545,,0.0003155062675105584,3.211602926304544e-10,0.9773560801490943,-0.47737999492841093,0.00920391863922731,8.471211831751591e-05,1.0007708963997612,numeric
gp_700_av,0.014877889731382155,0.0005807455357959467,0.0007247769019310382,0.024098662531268134,0.026921680889778005,0.11992902887989387,,0.45942634326451337,10.376028079306781,,10.348622551886614,10.348420363525472,10.303548861123188,,,,,,,851,0,0.0,851.0,851,,0.0,2.7722983202012365e-11,48.6175186565543,100.0,0.0,0.0,100.0,,0.0,10.342492859998114,10.357370749729496,0.07247921818359337,,0.0004254436873524373,3.0856420949692256e-13,0.9657633599968168,-0.5878221460890489,0.012411002528923307,0.0001540329837729407,1.0007253025844913,numeric
gp_850_av,0.020401970211912257,1.1845889005403662e-06,3.0879222403075148e-06,0.0010883882122387977,0.00175724848564667,0.18434665023014948,,0.5556182949253494,9.669844261766775,,9.626809644922407,9.628372986999777,9.568840183034732,,,,,,,851,0,0.0,851.0,851,,0.0,8.629798265490907e-14,60.161940346103094,100.0,0.0,0.0,100.0,,0.0,9.618730416159133,9.639132386371045,0.10100407873204276,,0.0006083490788614545,1.990909040967218e-13,0.964924684770503,-0.6603451814678784,0.017746701104447406,0.00031494540009059473,1.0000030879317756,numeric
gp_950_av,0.06338871438951976,0.004517209264998004,0.004683333606296079,-0.06721018721144886,-0.06843488588648394,0.49675278752289737,,-0.2827555911247259,8.763716159445925,,8.64711776476402,8.65040370126456,8.527646712093095,,,,,,,851,0,0.0,851.0,851,,0.0,4.378341468130759e-06,24.677681131059863,100.0,0.0,0.0,100.0,,0.0,8.61898455522503,8.68237326961455,0.23606944735283086,,0.0014724715297101134,7.000211297445517e-09,0.981568192863404,-0.39638172600104093,0.042954798536852926,0.001845114717341622,1.004705370425741,numeric
gp_m2s2_av,0.9737910135895849,0.008047184798851853,0.008736758739861586,-0.08970610235012919,-0.09347063035981723,7.708093998529604,,0.8495974871686967,9.256369675614666,,8.293098496351005,8.512886059544776,5.890610681527053,,,,,,,851,0,0.0,851.0,851,,0.0,8.2391195266996e-28,124.72697823835404,100.0,0.0,0.0,100.0,,0.0,7.788172928571592,8.761963942161177,3.3657589940876127,,0.021912859068058822,4.695690510650395e-22,0.909664670508684,-1.0498579478139605,0.6392398274893807,0.4086275570486532,1.0088137624560303,numeric
land_use,,,0.02871386337453494,,0.1694516549772676,,1.919008764597037,,,3.0,,,,7.0,4.0,184.0,24.831309041835357,346.0,46.69365721997301,741,110,,,851,8.0,,,,87.07403055229143,12.925969447708576,,,1.0796221322537112,,,,,0.6396695881990123,,,,,,,1.0295627233744893,categorical
landform,,,0.01312289437023328,,0.11455520228358587,,1.8543418987119267,,,3.321928094887362,,,,22.0,21.0,268.0,31.529411764705884,407.0,47.88235294117647,850,1,,,851,10.0,,,,99.88249118683902,0.11750881316098707,,,1.1764705882352942,,,,,0.55821253372879,,,,,,,1.0132973946759654,categorical
rh_2m_av,0.6623544794864245,0.12844254069560865,0.12515659191500145,-0.35838881217974516,-0.3537747756906948,12.247064994769776,,-0.6298453795428833,4.519948984679796,,3.6301014051707723,3.653470792252461,2.289539810988985,,,,,,,851,0,0.0,851.0,851,,0.0,1.1116523647809304e-09,41.23483662318844,100.0,0.0,0.0,100.0,,0.0,3.3231694725419603,3.9855239520283847,2.230409173690811,,0.015240036235648829,1.6101007356169773e-08,0.9826187206498372,-0.27253854985573744,0.44458087846731537,0.19765215749876983,1.1430617076820238,numeric
rh_300_av,0.8196138917047442,0.002049212222580933,0.0020557201102062187,0.04526822530849794,0.04534004973757989,18.45259223297481,,-0.14090276050241313,4.718178656521107,,3.5713929197140035,3.582505820090882,1.649942177914324,,,,,,,851,0,0.0,851.0,851,,0.0,0.0008249771109192555,14.200309832709541,100.0,0.0,0.0,100.0,,0.0,3.1946649064787502,4.014278798183494,3.068236478606783,,0.022590728597078624,5.169686193877877e-10,0.9780413709059413,-0.31353784997396655,0.6590145725121584,0.434300206783383,1.0020599548007163,numeric
rh_500_av,1.2080571193382466,0.0010157121019981914,0.0009113772891534494,0.031870238499236106,0.03018902597225438,24.911750298388572,,-0.8678116177809652,4.634741728496627,,3.0713836604723,3.057481142004199,0.912527514606521,,,,,,,851,0,0.0,851.0,851,,0.0,1.0604508790232168e-21,96.5911855552416,100.0,0.0,0.0,100.0,,0.0,2.4903196739881475,3.698376793326394,3.7222142138901058,,0.02622850467879493,2.2170732715988483e-10,0.976813535930767,-0.10492359867996139,0.765135428202366,0.585432223490418,1.000912208655405,numeric
rh_700_av,0.9549399754647525,0.001445797994361154,0.001987343525633814,0.03802365046074816,0.04457963128642737,21.665323521042538,,0.1867808173694674,4.491177156518209,,3.234233916995594,3.305683762433745,0.896572565231913,,,,,,,851,0,0.0,851.0,851,,0.0,8.284495184331283e-14,60.24361116835236,100.0,0.0,0.0,100.0,,0.0,2.8382329593086855,3.793172934773438,3.594604591286296,,0.024019934884588156,2.047405850143655e-14,0.9603468876422881,-0.7063045652994523,0.7007072415443818,0.49099063835273654,1.001991300924634,numeric
rh_850_av,0.6249347308968578,0.006407025664805299,0.007129602089398254,-0.08004389836087007,-0.08443697110506898,14.349033988358617,,2.054748580327193,4.53037787833206,,3.470387307744098,3.529528096517349,0.843731031869943,,,,,,,851,0,0.0,851.0,851,,0.0,2.0907617299396583e-30,136.6800486523192,100.0,0.0,0.0,100.0,,0.0,3.1811958810193075,3.8061306119161653,3.686646846462117,,0.01707009077425113,5.66317558755812e-15,0.9575880909952093,-0.9365084151704902,0.49796705431588417,0.24797118718403874,1.0071807983241337,numeric
rh_950_av,0.7011576103811517,0.057819185474430795,0.056409410391012806,-0.24045620281962118,-0.23750665336156965,13.479860049515002,,1.228884235898366,4.578398175819101,,3.5784498081694576,3.582969795666247,1.126438230917521,,,,,,,851,0,0.0,851.0,851,,0.0,1.6968655926283162e-15,68.01998722945001,100.0,0.0,0.0,100.0,,0.0,3.2541625655173925,3.955320175898544,3.4519599449015796,,0.016535431532379886,1.7698979824799035e-12,0.9689736688858099,-0.5992148600465782,0.4823700260833809,0.23268084206368161,1.0597816584991464,numeric
ros_p,1.4643265798356513,,,,,16.82539559967476,,-0.32491880371868165,8.898630845546984,,6.208580453468158,6.289571209840089,2.889434930321325,,,,,,,851,0,0.0,851.0,851,,0.0,0.0007236631137564432,14.46236917272222,100.0,0.0,0.0,100.0,,0.0,5.493448218367948,6.957774798203599,6.009195915225659,,0.035809051475595065,0.0001655386287056672,0.9920986305432907,-0.2591698667669635,1.0446182224200986,1.0912272306121265,,numeric
ros_p_lg1,1.4310753746530152,0.22850276183932686,0.23673649357301507,0.4780196249520796,0.4865557455965504,16.836259893454162,,0.4561665172358942,8.898630845546984,,6.361467154456281,6.461877623090617,1.644564872989542,,,,,,,542,309,0.0,542.0,851,,0.0,1.4475418485238165e-06,26.891287434039782,63.689776733255,36.310223266745005,0.0,63.689776733255,,0.0,5.671178795105795,7.10225416975881,7.254065972557442,,0.04600481271449081,7.418084309068364e-06,0.983356959568347,-0.5319874140203641,1.0710331431609825,1.1471119937492937,1.3101635170286523,numeric
sP_hPa_av,0.045978865650491585,0.005454610104965852,0.0055932578515184685,0.07385533227171788,0.07478808629399784,0.3889187515369242,,-0.8555701945625747,6.924276376173767,,6.8700633430754605,6.869004997150875,6.800290478921401,,,,,,,851,0,0.0,851.0,851,,0.0,1.2676931378489857e-20,91.62900607600947,100.0,0.0,0.0,100.0,,0.0,6.84971724242661,6.895696108077102,0.12398589725236597,,0.0009159143097611041,9.788446516352138e-11,0.9755880425210985,-0.11568810467983913,0.026718964583684956,0.0007139030684242111,1.0056247183516012,numeric
sW_100_av,0.0320623664404395,0.013147344165306612,0.013611812788863429,-0.11466186883749371,-0.1166696738182782,17.558739317771092,,3.451665712903369,0.282391408132926,,0.18693434776135698,0.191308891733469,0.044930169101536,,,,,,,851,0,0.0,851.0,851,,0.0,7.070144054659758e-55,249.37259851897863,100.0,0.0,0.0,100.0,,0.0,0.1763787162846085,0.208441082725048,0.23746123903139002,,0.0011251687408082712,3.277321856930518e-24,0.8893122963961196,-1.4638874331232625,0.03282331481879233,0.0010773699956935525,1.0137996510555838,numeric
sW_1m_av,0.028689172817823988,0.010009611261854214,0.010289447374555585,-0.10004804476777251,-0.10143691327399304,17.57650204029051,,3.610943668944214,0.27267967333055,,0.17103376756640098,0.176183847811915,0.040514035737049,,,,,,,851,0,0.0,851.0,851,,0.0,2.149983840279477e-54,247.14826939143245,100.0,0.0,0.0,100.0,,0.0,0.1616401977660855,0.1903293705839095,0.23216563759350098,,0.0010305036430041997,7.641517784543108e-25,0.8827331122760836,-1.4302509217429675,0.030061753645894196,0.000903709032266433,1.0103964207992533,numeric
sW_289_av,0.0453986576445545,0.01374284670024503,0.015158000068588787,-0.11722988825485176,-0.12311783001900573,19.953205947066024,,2.315580706205607,0.328277478802876,,0.24678524932683746,0.259689227906464,0.048912265516838,,,,,,,851,0,0.0,851.0,851,,0.0,1.4401640736644909e-52,238.7393355770967,100.0,0.0,0.0,100.0,,0.0,0.234880370480153,0.2802790281247075,0.279365213286038,,0.001687979247185904,6.135732975711582e-28,0.8460813836432056,-1.5489435025183302,0.049241569045164246,0.002424732122029678,1.0153913014165161,numeric
sW_28_av,0.01834855279765249,0.00319729330885492,0.003241605804247068,-0.0565446134380183,-0.05693510168821224,18.325917104200688,,3.976579591205953,0.256896499635828,,0.1382338193324842,0.144358315770429,0.028793685571286,,,,,,,851,0,0.0,851.0,851,,0.0,5.520572521276103e-45,203.81569522439773,100.0,0.0,0.0,100.0,,0.0,0.13253042060264,0.1508789734002925,0.228102814064542,,0.0008683908629204688,2.2969877667008257e-26,0.8656695735675862,-1.1126039086427049,0.025332615140841595,0.0006417413898739968,1.0032521479860348,numeric
sW_3m_av,0.038271500838348516,0.013428555555218746,0.014598689314301276,-0.11588164460007783,-0.12082503595820394,18.959506720802754,,2.6818498201255037,0.309387200968933,,0.2212959040593409,0.230869752931592,0.047683706667303,,,,,,,851,0,0.0,851.0,851,,0.0,4.2321714491951424e-54,245.79375963074668,100.0,0.0,0.0,100.0,,0.0,0.21223148636933248,0.250502987207681,0.26170349430163004,,0.0014382541291632666,6.488135785411865e-27,0.8590673203351628,-1.5419965052237263,0.041956611802991955,0.001760357273986964,1.0148149684356953,numeric
sW_7_av,0.0339199754721,0.0004731233394454853,0.0006969496720079107,0.02175139856297717,0.02639980439336456,28.086125446574766,,0.582457068116573,0.217800008162474,,0.10005226428295912,0.099084148830268,0.014547469200132,,,,,,,851,0,0.0,851.0,851,,0.0,1.3449100095168978e-05,22.433196723154417,100.0,0.0,0.0,100.0,,0.0,0.082841485339626,0.116761460811726,0.203252538962342,,0.000963283170605816,1.8018791722061796e-06,0.987924732082457,0.3236426516723021,0.028100804458650416,0.0007896552112233072,1.000697435749625,numeric
t_2m_C_av,0.3374998137932739,0.08128704495098152,0.07914166029851899,0.28510883001229814,0.2813212759435713,6.494886432685415,,-0.6646350561387115,3.691504332520419,,3.2801307180278823,3.293395873797473,2.697676531656038,,,,,,,851,0,0.0,851.0,851,,0.0,8.112204484517413e-11,46.470132737491824,100.0,0.0,0.0,100.0,,0.0,3.1122908031763235,3.4497906169695973,0.993827800864381,,0.007302943368036068,6.396815636088173e-09,0.9814523311851719,-0.26606270924632236,0.2130407649795396,0.045386367543067435,1.0859433605435715,numeric
t_300_av,0.06570785782010002,0.0073392377997384675,0.0077324997024614,0.08566935157767022,0.08793463312291352,-1.5368229416777428,,0.3398242899890622,-3.457578368908797,,-3.627938576204673,-3.628427845643804,-3.797632324729014,,,,,,,851,0,851.0,0.0,851,,0.0,0.00802449691147362,9.650512604180436,100.0,0.0,100.0,0.0,,0.0,-3.6652309434863968,-3.5995230856662968,0.3400539558202169,,0.0019112565224303224,1.7734580063020896e-06,0.9879085763887215,0.2105716566323392,0.055754992349090274,0.0031086191718471146,1.0077927571951542,numeric
t_500_av,0.3106666611060369,0.0009877363452131798,0.0009732961231203475,0.031428273023078754,0.031197694195570728,-10.868349976124565,,1.420659962898807,-1.208075807851001,,-2.276979188016371,-2.269470375851368,-2.77684568097552,,,,,,,851,0,851.0,0.0,851,,0.0,8.362899574435576e-17,74.04028274977921,100.0,0.0,100.0,0.0,,0.0,-2.4460539699283395,-2.1353873088223025,1.5687698731245192,,0.008483164642362605,6.808733540156274e-14,0.96281272880603,0.6087422897084266,0.24747006703713853,0.061241434079365845,1.0009742443513705,numeric
t_700_av,0.37202303610328125,0.0028055272879878306,0.0027903669622911338,0.05296722843407828,0.05282392414702957,15.14279115375141,,2.067855375757341,2.848291464160035,,2.2190927120199206,2.307354177463008,0.216812517389232,,,,,,,851,0,0.0,851.0,851,,0.0,3.1047036608255726e-39,177.3358007105692,100.0,0.0,0.0,100.0,,0.0,2.076819889488107,2.4488429255913884,2.631478946770803,,0.011519048312033348,2.3302474467732688e-21,0.9155873294496436,-1.194831129926011,0.33603257488929483,0.11291789138672953,1.0027981748970787,numeric
t_850_av,0.30353920723382943,0.005596541524780204,0.00638051837190859,0.07481003625704377,0.07987814702350443,6.785808739668033,,0.22593921684395069,3.375981119892957,,3.000194511034533,3.026324139780643,2.17882661140949,,,,,,,851,0,0.0,851.0,851,,0.0,2.8141675994142838e-11,48.587539013755794,100.0,0.0,0.0,100.0,,0.0,2.858746103757413,3.1622853109912423,1.1971545084834667,,0.006978888292706956,1.5319164222344139e-12,0.9687161901369641,-0.6171891557071612,0.20358746133682193,0.04144785441357196,1.0064214908120097,numeric
t_950_av,0.3068348450884164,0.026247433321631767,0.025969990415343935,0.16201059632515327,0.16115207232717776,6.065452616238306,,-0.6258361728819408,3.633948495038767,,3.2536143734532823,3.278662933077808,2.701864533350728,,,,,,,851,0,0.0,851.0,851,,0.0,7.154766331077474e-12,51.32648472316751,100.0,0.0,0.0,100.0,,0.0,3.0987405152586516,3.405575360347068,0.932083961688039,,0.006764948772766703,1.536485982337293e-11,0.9726628100583784,-0.39597826345456827,0.19734643813692768,0.03894561664533222,1.0266624130260813,numeric
vwv_300_av,0.08898959548865,0.00047278203085084725,0.00035013039856999253,0.02174355147741158,0.01871177165770234,1976.2281789122121,,4.7867567613972035,0.573398711230239,,0.004414426990146283,-0.001931266669551,-0.243645414070619,,,,,,,851,0,435.0,416.0,851,,0.0,5.531649123365883e-48,217.6271969572934,100.0,0.0,51.11633372502937,48.88366627497062,,0.0,-0.042850245075533006,0.046139350413116995,0.817044125300858,,0.0029905195507517407,3.9758044446482686e-19,0.9326603875454657,1.1129034654579573,0.08723915011677706,0.007610669313097563,1.000350253032804,numeric
vwv_500_av,0.068990573368428,0.005829891416636837,0.0058193153021425794,-0.0763537256238151,-0.07628443682785224,-812.7141273915823,,4.564626342500857,0.394983902533224,,-0.008551475312133088,-0.014036654394229,-0.322216690328541,,,,,,,851,0,514.0,337.0,851,,0.0,1.4710025938610255e-42,192.6452594016008,100.0,0.0,60.39952996474736,39.60047003525264,,0.0,-0.0481506049252085,0.0208399684432195,0.7172005928617651,,0.002382396680975349,5.3630997722363826e-20,0.9263417830838786,0.9760155398114373,0.06949904796210901,0.004830117667639528,1.0058533779540397,numeric
vwv_700_av,0.095086658974494,5.0056468763815514e-05,1.059444818138101e-05,-0.00707505962970034,-0.0032549113937834022,3448.8917999477912,,9.61629141063971,0.413688430720858,,0.002528876804368113,-0.007123295358697,-0.73853648348981,,,,,,,851,0,461.0,390.0,851,,0.0,2.1639996521214235e-49,224.10942271296244,100.0,0.0,54.17156286721504,45.82843713278496,,0.0,-0.0441057472026345,0.0509809117718595,1.152224914210668,,0.0029898022379587783,1.1242216659933139e-21,0.9129296215273961,-0.7682196950244455,0.0872182247366336,0.007607018726209925,1.000010594560425,numeric
vwv_850_av,0.1377695503981795,0.0007069479035322189,0.0010299154464433401,0.026588491937908378,0.032092295749032045,-485.2244407456843,,0.8041980205248365,0.417373980225146,,-0.02317768956513516,-0.024644685028052,-0.4580191344498,,,,,,,851,0,495.0,356.0,851,,0.0,0.001117513553886075,13.593298205585977,100.0,0.0,58.1668625146886,41.8331374853114,,0.0,-0.08921674285631351,0.048552807541866,0.8753931146749461,,0.0038552099117666236,0.00250509951999891,0.9942533652792707,-0.058675017139311655,0.11246381457019791,0.012648109587679859,1.0010309772658543,numeric
vwv_950_av,0.1138377738109885,0.0010917621465173291,0.0009175218225768202,0.03304182420081145,0.030290622683873968,-264.86388302708883,,1.618281136240768,0.254501531490186,,-0.03774626225905716,-0.015452331579786,-0.433395940318624,,,,,,,851,0,526.0,325.0,851,,0.0,1.3476699537209208e-29,132.95318111153819,100.0,0.0,61.809635722679204,38.190364277320796,,0.0,-0.089062007991254,0.0247757658197345,0.68789747180881,,0.003427140543088019,3.5112800232487983e-17,0.9453589847934916,-0.9806161254941266,0.09997621591692733,0.009995243749068074,1.0009183644419934,numeric
wScos_1_av,5.436391319901812e-05,0.0008227148819760699,0.001115032243478036,0.028683006850329863,0.03339209851863216,1.1953705482696582,,172.32881086668047,0.693147180490117,,0.692009197307606,0.693132498598366,0.542887299693164,,,,,,,851,0,0.0,851.0,851,,0.0,0.0,1525.7884012146405,100.0,0.0,0.0,100.0,,0.0,0.6930895539816165,0.6931439178948156,0.15025988079695307,,0.0002835630493380549,1.8813269515668477e-52,0.1154505160037188,-12.135795125557179,0.008272074135932391,6.842721051036161e-05,1.0011162769282458,numeric
wScos_5_av,4.6491335430332015e-06,0.010463090192812904,0.010918154752275346,0.10228924768915305,0.1044899744103488,0.0027260563439749567,,8.532138269035766,0.693147180548686,,0.6931387840193065,0.693145489206348,0.693040701381365,,,,,,,851,0,0.0,851.0,851,,0.0,9.640884794704012e-120,548.0883965423839,100.0,0.0,0.0,100.0,,0.0,0.69314221727456,0.6931468664081031,0.00010647916732098306,,6.477243859507266e-07,2.1722015045150655e-44,0.4719290264528794,-3.0656093610510915,1.889535379430918e-05,3.5703439501211426e-10,1.0110386767331077,numeric
wScos_7_av,2.093022597848826e-05,0.0009029458142701751,0.0011681324681807265,0.030049056795017296,0.03417795295480299,0.00972664014921343,,16.183902850453293,0.693147180514438,,0.6931176944912969,0.693141561239906,0.692558528499869,,,,,,,851,0,0.0,851.0,851,,0.0,1.0009444725544213e-151,695.3788100305601,100.0,0.0,0.0,100.0,,0.0,0.693125345248103,0.6931462754740815,0.0005886520145690355,,2.3110271883428975e-06,1.504895650238336e-44,0.4662758566481505,-3.8083537160789356,6.741706395369296e-05,4.5450605121363275e-09,1.001169498597464,numeric
wScos_9_av,0.00012741516738756786,0.0037178085182105252,0.004211761147001233,0.060973834701538374,0.06489808276830089,15.645491230386002,,106.74845400299351,0.693147180559833,,0.679675365024997,0.693134614608684,-0.692481501159192,,,,,,,851,0,7.0,844.0,851,,0.0,3.459847682500607e-299,1374.4634364790354,100.0,0.0,0.8225616921269095,99.17743830787309,,0.0,0.693018285944367,0.6931457011117546,1.385628681719025,,0.0036452385338653364,1.1762735476344105e-52,0.10432712728816096,-10.110293832865382,0.10633854963007996,0.01130788713742898,1.0042295751071058,numeric
wSsin_1_av,0.01457934555755,0.003566359543370796,0.0034944210184872553,0.05971900487592535,0.05911362802676939,-860558.5403024601,,34.398572206059136,0.440678264335484,,-6.395868270163117e-06,0.004631480911216,-0.526483013965774,,,,,,,851,0,274.0,577.0,851,,0.0,1.0709938910851295e-138,635.3763114913288,100.0,0.0,32.19741480611046,67.80258519388954,,0.0,-0.0023856079494215003,0.0121937376081285,0.967161278301258,,0.0018867534349198015,1.90788412105389e-43,0.504395320765874,-2.748959398816972,0.05504019062538393,0.003029422584078601,1.0035066748166717,numeric
wSsin_5_av,0.004347158674769,0.024677475236546453,0.02463916229353496,-0.1570906592912082,-0.1569686665979391,9102.451958779538,,2.9875034100342295,0.020426062030609,,6.32857272020541e-05,-0.001058237866702,-0.019103031612936,,,,,,,851,0,542.0,309.0,851,,0.0,2.64773952437324e-45,205.28524583684833,100.0,0.0,63.689776733255,36.310223266745005,,0.0,-0.003038269873048,0.0013088888017210002,0.039529093643544996,,0.0001974692107084739,1.045795712826325e-27,0.849095513998527,1.2430120626682384,0.005760552915331248,3.3183969890331335e-05,1.0252615866262103,numeric
wSsin_7_av,0.0078885307454195,0.011185350711536793,0.010485938724897191,-0.10576081841370552,-0.10240087267644349,-432.9442979976547,,4.2144789829309985,0.047363325571065,,-0.002415889551661277,-0.002445125212566,-0.037560299584043,,,,,,,851,0,600.0,251.0,851,,0.0,5.67287282600364e-35,157.70956518822726,100.0,0.0,70.50528789659224,29.494712103407757,,0.0,-0.007207253142875,0.0006812776025445,0.084923625155108,,0.00035854553598133656,2.5583849011873424e-24,0.8882136155218092,0.7836631809592054,0.010459456059838603,0.00010940022106769448,1.0105970588345,numeric
wSsin_9_av,0.0136739204914015,0.011098101573012175,0.011553190772316828,0.1053475276074962,0.10748577009221652,-785.632838326217,,19.21755064091776,0.657850223915887,,-0.013190568395280206,0.001441235166169,-0.693147163737548,,,,,,,851,0,352.0,499.0,851,,0.0,4.762336676272294e-100,457.3955417064718,100.0,0.0,41.36310223266745,58.63689776733255,,0.0,-0.0051132336629025,0.008560686828499,1.3509973876534351,,0.0035523713446754803,3.320637809739218e-42,0.5445639757824088,-1.8626941582100929,0.10362943687520082,0.010739060187071232,1.011688227089674,numeric
wSv_1_av,0.9421967486155505,0.024285592817075163,0.025787506496601907,0.15583835476889238,0.16058488875545515,16.167664299917064,,6.216174492380389,5.301685945481372,,4.084946462572792,4.149314369110069,-1.698620206003717,,,,,,,851,0,1.0,850.0,851,,0.0,3.3322377470853713e-53,241.66673170851726,100.0,0.0,0.11750881316098707,99.88249118683902,,0.0,3.6540629776240885,4.596259726239639,7.0003061514850895,,0.02263960639311462,4.439646344391109e-17,0.9459722154972947,-1.1323879001896493,0.6604404309001063,0.4361815627675181,1.0264701044880533,numeric
wSv_5_av,0.8636284909127472,0.005986566092799451,0.006097918763657411,0.07737290283296505,0.078089171872017,43.4243716883765,,1.9692453597618997,2.958916819189324,,1.6718035986675588,1.791471869338019,-1.258494545107371,,,,,,,851,0,34.0,817.0,851,,0.0,2.0017333988252015e-40,182.8187804303127,100.0,0.0,3.9952996474735603,96.00470035252644,,0.0,1.3382928168074208,2.201921307720168,4.217411364296694,,0.024885938241383822,3.3462424233394665e-21,0.9168841075019498,-1.2443167486505453,0.725970208585055,0.5270327437530282,1.006135331516835,numeric
wSv_7_av,1.7221408976738044,0.0001611655576486875,0.0001303065115297293,-0.012695099749457957,-0.011415187757094901,82.3901589221055,,0.21745070665993804,3.593903654556302,,1.5883447808350948,1.85363238280005,-2.190633145095909,,,,,,,851,0,120.0,731.0,851,,0.0,2.3062569181819842e-22,99.64249243462619,100.0,0.0,14.101057579318448,85.89894242068155,,0.0,0.9120307314480856,2.63417162912189,5.784536799652211,,0.04485959422047376,4.266862890124688e-22,0.9093010333224802,-0.9692817800509714,1.3086397891610029,1.712538097775354,1.0001303234935295,numeric
wSv_9_av,3.5455157468181535,0.006270630688990688,0.006741203326979031,0.07918731393973841,0.08210483132544047,156.74912964390592,,0.4345652935409925,7.723644856897034,,1.8736312208816834,2.830766674797655,-8.009044183823054,,,,,,,851,0,189.0,662.0,851,,0.0,1.8227792113125674e-24,109.32335971264882,100.0,0.0,22.20916568742656,77.79083431257344,,0.0,0.4309462452614315,3.976461992079585,15.73268904072009,,0.10067565703316866,4.374892981938255e-22,0.9093960792225405,-1.009313932259277,2.9369006314685273,8.625385319120234,1.0067869555744777,numeric
wco_300_av,0.9358866075697769,0.0018302677234653263,0.00238020955006744,-0.04278162834050764,-0.04878739130213297,-2042.8911756262664,,-1.4802562842012972,0.69314455954605,,-0.023457987940084742,-0.119161786845085,-0.693126395802723,,,,,,,851,0,465.0,386.0,851,,0.0,0.0,6882.639863557695,100.0,0.0,54.64159811985899,45.35840188014101,,0.0,-0.46592838622766597,0.469958221342111,1.386270955348773,,0.016427489985457306,3.11881072502543e-23,0.8989353972684359,0.16475319692133122,0.479221165607465,0.22965292556617742,1.0023858884645762,numeric
wco_500_av,1.073493480931066,0.013152378082823456,0.01554339955910964,-0.11468381787690649,-0.12467317096757281,-607.7028083415462,,-1.5477858157414632,0.693136149733295,,-0.08458566588378937,-0.252278950562137,-0.693127305894629,,,,,,,851,0,496.0,355.0,851,,0.0,0.0,5525.377635679697,100.0,0.0,58.28437132784959,41.71562867215041,,0.0,-0.5886625592952994,0.48483092163576647,1.3862634556279239,,0.0176207031906956,2.1409547460511688e-27,0.853073003737348,0.3092249599055393,0.5140294670301851,0.26422629297533623,1.0157888113626832,numeric
wco_700_av,1.1504853209155081,0.0009917404235031495,0.0015683371913921011,-0.03149191044543264,-0.039602237201856426,-443.0187536534048,,-1.628971885550256,0.693137951843991,,-0.12366613043856847,-0.364935874426275,-0.69313840838287,,,,,,,851,0,497.0,354.0,851,,0.0,0.0,4689.475942022136,100.0,0.0,58.40188014101058,41.59811985898942,,0.0,-0.657198718694121,0.493286602221387,1.3862763602268608,,0.018780541176996103,1.86470093071078e-30,0.8101862995235769,0.3414347457921491,0.5478641497603399,0.3001551265926202,1.0015708007366075,numeric
wco_850_av,1.1227189525262886,0.0002492834533125504,6.949402672493046e-05,0.015788712845338292,0.00833630773933703,-854.0140149873304,,-1.583466457075565,0.693147040385598,,-0.061152049222231324,-0.038396076623313,-0.693144201998623,,,,,,,851,0,440.0,411.0,851,,0.0,0.0,5084.136252833162,100.0,0.0,51.703877790834305,48.29612220916569,,0.0,-0.6278630105622716,0.494855941964017,1.386291242384221,,0.017902399020267447,1.4495299174534923e-26,0.8632936578094453,0.12250134058357653,0.5222470708098063,0.27274200296942275,1.0000694988564804,numeric
wco_950_av,0.9860295094605496,0.002964938390054583,0.004090543248169551,-0.05445124782825994,-0.06395735491848886,488.9279390119929,,-1.3484044936461002,0.693145530537125,,0.101240203001074,0.207035049890445,-0.693087970505125,,,,,,,851,0,315.0,536.0,851,,0.0,0.0,4988.063752817757,100.0,0.0,37.01527614571093,62.98472385428907,,0.0,-0.4077387034609205,0.578290805999629,1.3862335010422502,,0.016968094816036332,1.773151014295944e-25,0.8758360781090841,-0.3935964687910535,0.49499163798470897,0.2450167216747852,1.004107344518558,numeric
wcos100_av,0.984837362287448,0.006974175148375622,0.008600350739325547,-0.08351152703894009,-0.09273807599538361,444.49541010655696,,-1.3291992031612285,0.692753967436417,,0.11110895210550341,0.230968151931263,-0.693147164313472,,,,,,,851,0,305.0,546.0,851,,0.0,0.0,2900.62078244776,100.0,0.0,35.84018801410106,64.15981198589894,,0.0,-0.4100346412102235,0.5748027210772245,1.385901131749889,,0.01692978927221298,2.7508183368845626e-26,0.8665913714892086,-0.45161908435947273,0.4938741923264553,0.24391171784610854,1.0086749584244246,numeric
wcos10_av,1.033848651906732,0.008266933292965024,0.009903687694317414,-0.09092267755057054,-0.09951727334647696,481.3018858655533,,-1.3749037054823348,0.692926142023052,,0.10275869000499298,0.229937915530673,-0.693141280112727,,,,,,,851,0,311.0,540.0,851,,0.0,0.0,55074.318148028404,100.0,0.0,36.54524089306698,63.454759106933025,,0.0,-0.4558904748710085,0.5779581770357236,1.386067422135779,,0.016953967349559684,3.4521777257910113e-26,0.8677455278657739,-0.41873279263590824,0.49457951288476903,0.2446088945653354,1.0100027518244707,numeric
wsi_300_av,0.6372974160126554,0.0009022035397679537,0.0006506787939967459,0.03003670321070463,0.025508406339807783,-139.4800105673877,,-0.4048422905002367,0.691679066922138,,-0.3200741084132826,-0.546535176063514,-0.693146118682372,,,,,,,851,0,644.0,207.0,851,,0.0,6.718443031048098e-27,120.52988214991437,100.0,0.0,75.67567567567568,24.324324324324326,,0.0,-0.6619915132004794,-0.024694097187823998,1.38482518560451,,0.015303745541439208,2.005343886434614e-32,0.777779220558863,1.0566069487839693,0.44643940023831846,0.1993081380851495,1.0006511024525553,numeric
wsi_500_av,0.46247279552912146,0.0004395179630743539,0.00036060134227202875,0.02096468371033424,0.018989506109218027,-133.7031917785096,,-0.001257320696031794,0.692034362412229,,-0.307892370430938,-0.455447838125062,-0.693147031205276,,,,,,,851,0,666.0,185.0,851,,0.0,8.9490246210511e-28,124.56167611674702,100.0,0.0,78.26086956521739,21.73913043478261,,0.0,-0.623512579100221,-0.1610397835710995,1.385181393617505,,0.01411158909590949,4.8133311369083814e-30,0.8164675795833419,1.1391208822755727,0.4116619265086761,0.16946554173683467,1.0003607314225071,numeric
wsi_700_av,0.8192122094495425,0.005364425095043683,0.006167362216162774,-0.073242235732149,-0.07853255513583379,-356.4779088716058,,-1.144233252400459,0.693109651778598,,-0.1252652892442797,-0.263014051635399,-0.693147132783864,,,,,,,851,0,536.0,315.0,851,,0.0,1.288653946566849e-95,436.9839712262197,100.0,0.0,62.98472385428907,37.01527614571093,,0.0,-0.5286124488989765,0.290599760550566,1.386256784562462,,0.015307299762672826,3.006038131147152e-22,0.907961719835401,0.4572987731746927,0.44654308363997686,0.19940072554669935,1.0062056346125998,numeric
wsi_850_av,1.0002363450713116,0.014356411264539577,0.015252512503188561,-0.1198182426199766,-0.12350106276137288,-2498.8341082372995,,-1.483099195448309,0.693145772040067,,-0.019956872957942143,-0.112722442755231,-0.693144269103098,,,,,,,851,0,471.0,380.0,851,,0.0,0.0,6801.761550527107,100.0,0.0,55.346650998824906,44.65334900117509,,0.0,-0.4677581044666025,0.532478240604709,1.3862900411431651,,0.01709484384102186,1.283696759209487e-24,0.8851103265563646,0.20633867481748447,0.49868914841064427,0.2486908667425336,1.0154887549314393,numeric
wsi_950_av,1.047511382812399,0.022761828842682495,0.0231890498626019,-0.15087023842588204,-0.15227951228777264,-562.9106903579914,,-1.4187042494677642,0.693147161258299,,-0.09135955345285121,-0.275032123485481,-0.693146129851544,,,,,,,851,0,532.0,319.0,851,,0.0,0.0,10407.66466803752,100.0,0.0,62.51468860164512,37.485311398354874,,0.0,-0.5459636594879544,0.5015477233244445,1.3862932911098431,,0.017629040871253106,2.0478610591309345e-27,0.8528286011203661,0.4238334686376533,0.5142726930494229,0.26447640281630597,1.0237395474112367,numeric
wsin100_av,0.9926517308877765,0.025567037612029195,0.02507792104009223,-0.15989695935829798,-0.15836009926775188,-392.6668775409006,,-1.281832119324827,0.693146604512193,,-0.12950428150106016,-0.331713223856342,-0.693147049319096,,,,,,,851,0,565.0,286.0,851,,0.0,5.428716800923072e-299,1373.5624800315795,100.0,0.0,66.3924794359577,33.607520564042304,,0.0,-0.548698877907351,0.4439528529804255,1.3862936538312889,,0.01743185543762743,9.81481924373354e-29,0.8353621822681059,0.5781296830543341,0.5085204184519911,0.2585930159825882,1.025723000413373,numeric
wsin10_av,0.9876741538154371,0.018238430165566553,0.018834341418298622,-0.13504973219361285,-0.1372382651387674,-370.63716715498174,,-1.2852707090538853,0.693146358369116,,-0.13725187650626494,-0.345795892713124,-0.693078656592047,,,,,,,851,0,562.0,289.0,851,,0.0,0.0,1432.881875252528,100.0,0.0,66.03995299647474,33.96004700352526,,0.0,-0.5673762158523881,0.42029793796304904,1.386225014961163,,0.01743823309799623,7.887428995484269e-29,0.8340456977397194,0.5830867495562698,0.5087064669498743,0.25878226951662353,1.0191958832370103,numeric
wv100_k_av,0.6475218257733637,0.09948302917264379,0.09944830084068289,0.3154093041947935,0.3153542465873623,18.699455865155528,,1.0874435052844995,4.029342157165239,,2.8535597220853357,2.917523164347869,0.503002029314438,,,,,,,851,0,0.0,851.0,851,,0.0,6.322333379249653e-23,102.23073758653283,100.0,0.0,0.0,100.0,,0.0,2.575473706442846,3.22299553221621,3.526340127850801,,0.018291577247849022,1.4298295460153873e-14,0.9595890279802473,-0.865777829471873,0.5336001408172021,0.2847291102801379,1.1104304183019362,numeric
wv10_kh_av,0.7094163914912319,0.11607904454848858,0.11501485210089932,0.34070374894985905,0.33913839667737317,21.83614019327602,,0.2560397057604886,3.611556967072322,,2.4005014351710394,2.48283540514838,0.593314557186637,,,,,,,851,0,0.0,851.0,851,,0.0,9.413528835179872e-11,46.17257626116695,100.0,0.0,0.0,100.0,,0.0,2.0733211669705214,2.7827375584617533,3.0182424098856853,,0.017968551298036244,3.0781927121196956e-11,0.9737852937468271,-0.5955766900285612,0.524176858725551,0.2747613792233863,1.1299624658944134,numeric
wv_300_av,0.6488995595881022,0.003103557361148894,0.0037215746911861613,-0.05570958051492485,-0.06100471040162523,13.899990157530521,,3.0624954100401465,5.215303723705146,,3.8910711403960168,3.92906743680096,0.904471936316738,,,,,,,851,0,0.0,851.0,851,,0.0,8.581704417632497e-41,184.5127125378212,100.0,0.0,0.0,100.0,,0.0,3.602878333855367,4.251777893443469,4.310831787388408,,0.0185403907859641,1.939036304349643e-17,0.9437846339203904,-1.1014340887665017,0.5408585055375569,0.29252792301231945,1.00373547654616,numeric
wv_500_av,0.6734534003896013,0.03624086289591543,0.037710964197011455,0.19037033092348038,0.19419311058070896,14.773268200367967,,1.302960756068488,4.768515042266966,,3.5981078350030007,3.688711338537046,1.305612242151354,,,,,,,851,0,0.0,851.0,851,,0.0,1.6538790659054165e-27,123.33334806610051,100.0,0.0,0.0,100.0,,0.0,3.317763002420305,3.9912164028099064,3.4629028001156117,,0.018221577696453904,1.0883003297919033e-16,0.9482709458262728,-0.9689834414613856,0.5315581206034466,0.2825540355794683,1.03918881208653,numeric
wv_700_av,0.8416941982348911,0.009324365006851717,0.010869620441211352,0.0965627516532732,0.10425747187233801,19.899542642658496,,0.6980914450106206,4.566048828900404,,3.271936803469186,3.3363783779203,0.558186181297337,,,,,,,851,0,0.0,851.0,851,,0.0,2.5787039570191288e-20,90.20882985880834,100.0,0.0,0.0,100.0,,0.0,2.9341038187699713,3.7757980170048624,4.0078626476030665,,0.022319436295216752,8.842290853127896e-16,0.9533710636438925,-0.8479239190988024,0.651100459447188,0.4239318082923393,1.0109890674332132,numeric
wv_850_av,0.7153925660294584,0.008613639162138136,0.010090481566591897,0.09280969325527445,0.10045138907248569,19.1915668204581,,1.1848206659861682,4.144686911542488,,2.9824452171625233,3.044091784405203,0.384168239472698,,,,,,,851,0,0.0,851.0,851,,0.0,2.4443676919489383e-23,104.13134132416414,100.0,0.0,0.0,100.0,,0.0,2.6870897874305077,3.402482353459966,3.76051867206979,,0.019620864000281804,1.4874524642228602e-14,0.9596729123362238,-0.8623281674502442,0.5723779667353024,0.32761653680403896,1.0101933372481968,numeric
wv_950_av,0.894100416099227,0.06696483991968975,0.06806965431066936,0.25877565557774124,0.2609016180683235,24.32856325110863,,-0.02112844375444789,4.337951893298952,,2.7692902406924937,2.818899386472371,0.382867454744101,,,,,,,851,0,0.0,851.0,851,,0.0,7.637171460229798e-06,23.56496650211132,100.0,0.0,0.0,100.0,,0.0,2.373262790151021,3.267363206250248,3.9550844385548505,,0.023095116488743114,5.420403205906025e-07,0.9866725789908358,-0.421107409812015,0.6737285278136518,0.4539101291899505,1.0730415686381793,numeric
