,n,n_total,n_missing,pct_missing,pct_complete,mean,median,std,var,sem,cv,min,max,range,q01,q05,q10,q25,q75,q90,q95,q99,AIQ,qcd,skewness,kurtosis,n_zeros,pct_zeros,n_negative,pct_negative,n_positive,pct_positive,n_outliers,pct_outliers,normality_stat,normality_p,shapiro_stat,shapiro_p,n_unique,pct_unique,mode,mode_freq,mode_pct,mode2,mode2_freq,mode2_pct,entropy,max_entropy,rel_entropy,corr_ros_p,R2_ros_p,corr_n,corr_p_value,anova_p_value,VIF,corr_log_ros_p,R2_log_ros_p,corr_log_n,corr_log_ros_p_value,anova_log_ros_p_value,VIF_log_ros_p,var_type
1_3y_fir_p,765.0,765.0,0.0,0.0,100.0,0.38207530190038747,0.0,0.9337511651623892,0.8718912384421195,0.033759844624563454,244.3893024537429,0.0,4.499654258099009,4.499654258099009,0.0,0.0,0.0,0.0,0.0,1.7166493506981526,2.843777919128003,4.038955732489312,0.0,,2.659998492100041,6.275156768316338,592.0,77.38562091503269,0.0,0.0,173.0,22.61437908496732,173.0,22.61437908496732,423.47926225681255,1.1031805612896783e-92,0.47484294445755615,1.6548791125982765e-42,,,,,,,,,,,,-0.11212396227665523,0.012571782916616805,765.0,0.0018968591426171348,,1.0127318449069145,-0.11139256012097343,0.01240830245030468,765.0,0.002031860221583193,,1.0125642028796829,numeric
3_8y_fir_p,765.0,765.0,0.0,0.0,100.0,1.1591929144811084,0.0,1.6486871072816607,2.71816917771677,0.059608408163721094,142.22715534969134,0.0,4.61512051684126,4.61512051684126,0.0,0.0,0.0,0.0,2.723270615073811,3.988206673670019,4.326453633625473,4.578448205936563,2.723270615073811,1.0,0.9422335623384409,-0.8199629865346485,467.0,61.04575163398693,0.0,0.0,298.0,38.954248366013076,0.0,0.0,152.54285138695298,7.5117425412423e-34,0.696219070955303,6.293626951833363e-35,,,,,,,,,,,,-0.024054521763268968,0.0005786200172595804,765.0,0.5064833549407735,,1.0005789550122188,-0.025063558629101878,0.0006281819711544272,765.0,0.48881240020979605,,1.0006285768317877,numeric
8_ny_fir_p,765.0,765.0,0.0,0.0,100.0,3.282983549985792,4.13677005639066,1.6770325624694167,2.812438215582738,0.060633240258880776,51.08257586233336,0.0,4.61512051684126,4.61512051684126,0.0,0.0,0.0,2.712436173045464,4.528901634465484,4.61512051684126,4.61512051684126,4.61512051684126,1.81646546142002,0.25084666807505146,-1.1587750278575646,-0.26332254800961596,125.0,16.33986928104575,0.0,0.0,640.0,83.66013071895425,0.0,0.0,117.7509275914666,2.695944541321106e-26,0.7315107816279811,2.5223204796716744e-33,,,,,,,,,,,,0.008685286881046816,7.543420820608392e-05,765.0,0.8104582717284958,,1.000075439898955,0.007575236558346562,5.738420891491026e-05,765.0,0.8343068815019652,,1.0000573875020513,numeric
BLH_m_av,765.0,765.0,0.0,0.0,100.0,6.449507500123277,6.549902931447537,0.9057256435992866,0.820338941473342,0.03274657975401504,14.043330340835707,2.750479392159446,8.129926043184277,5.37944665102483,3.5038050791299207,4.770047821361058,5.263328636092826,5.944652509803009,7.141538195060144,7.458955154497529,7.612531631196214,7.911780623727961,1.1968856852571346,0.09146173338375255,-0.9365358828042581,1.1638195426607774,0.0,0.0,0.0,0.0,765.0,100.0,20.0,2.6143790849673203,103.6187032967965,3.158526086500919e-23,0.9493344816132587,1.5457893002943236e-15,,,,,,,,,,,,0.258498289449067,0.06682136564809363,765.0,3.8198633886842086e-13,,1.0716061889849215,0.2595940824978191,0.06738908766788453,765.0,3.016118258639305e-13,,1.0722585236530948,numeric
BLH_m_rt,675.0,765.0,90.0,11.76470588235294,88.23529411764706,4.771747479323638,4.883287040554982,1.0484034116894891,1.0991497136421604,0.040353066130549904,21.971058113035205,0.093824118553869,7.217483227796858,7.12365910924299,1.7253493995682712,2.9128227110428506,3.4731930531693953,4.1818212278533196,5.449385823215426,6.0003212209256205,6.337642369937225,6.791240998018542,1.2675645953621064,0.13161014903333934,-0.781826625977132,1.6186671944515578,0.0,0.0,0.0,0.0,675.0,88.23529411764706,17.0,2.5185185185185186,82.44994696130152,1.2480198724301586e-18,0.967456980519522,4.2914507297834e-11,,,,,,,,,,,,0.00897719435061398,8.059001840869555e-05,675.0,0.8159114649147234,,1.0000805965136832,0.009419494114056608,8.872686936474709e-05,675.0,0.8070159291485484,,1.0000887347425207,numeric
CBH_m_av,292.0,765.0,473.0,61.830065359477125,38.169934640522875,8.034620870045396,8.150857281243434,0.9267349679474847,0.8588377008166254,0.05423306189767145,11.534271285936216,3.779220351115564,9.33725565091803,5.558035299802466,4.5209358838533635,6.148273307153521,7.136027775939136,7.822349361417556,8.502028906608334,9.05457294146265,9.148078669342919,9.246885697343522,0.679679545190778,0.04163586104360542,-1.8109842730254402,4.6126601685379995,0.0,0.0,0.0,0.0,292.0,38.169934640522875,25.0,8.561643835616438,119.16924419730378,1.3265615836582584e-26,0.8472508091235091,2.5732865518018084e-16,,,,,,,,,,,,0.1254636076644254,0.015741116848172865,292.0,0.03209682005884556,,1.0159928623633716,0.12152106782675079,0.014767369925753766,292.0,0.03795472763602103,,1.0149887138072569,numeric
CCL_hPa_av,765.0,765.0,0.0,0.0,100.0,6.595269807425412,6.579088773415009,0.19442945459731173,0.0378028128150081,0.007029611766537743,2.948013656369442,6.09253538699539,6.857496972514893,0.7649615855195027,6.15633010763667,6.2577349134521185,6.347430481759826,6.449848856491842,6.821130031253787,6.842417178485031,6.853229430420595,6.857427283305956,0.3712811747619451,0.027976924528512716,-0.17373918924732823,-0.9659005419996372,0.0,0.0,0.0,0.0,765.0,100.0,0.0,0.0,139.64288058361998,4.752627347913874e-31,0.9311569723790194,2.8611989151987187e-18,,,,,,,,,,,,0.002397015203272664,5.745681884720291e-06,765.0,0.9472266792435052,,1.0000057457148979,0.0006193728459832807,3.8362272234142873e-07,765.0,0.9863544494391177,,1.0000003836228695,numeric
CMLG_av,765.0,765.0,0.0,0.0,100.0,0.8901111187875813,0.910736708791196,0.25598300363024096,0.06552729814755995,0.009255085028550483,28.758544661133424,-0.081616581123954,1.465913055958268,1.547529637082222,0.1828020065709266,0.44715507821339084,0.5637713334016997,0.731292227634161,1.057413437146733,1.2254006745343355,1.3086514438736903,1.4123190432197985,0.32612120951257195,0.1823224558035488,-0.35729622005092065,0.2919875036233184,0.0,0.0,1.0,0.130718954248366,764.0,99.86928104575163,11.0,1.4379084967320261,18.00800446618938,0.0001229168763483793,0.9895389361278074,2.8644095209890186e-05,,,,,,,,,,,,0.050436421376649575,0.002543832601282954,765.0,0.163435894154072,,1.0025503201889232,0.054428512768224184,0.002962463002160743,765.0,0.1325629269006666,,1.0029712652655796,numeric
Cape_av,765.0,765.0,0.0,0.0,100.0,1.2611067096928086,0.0,1.9423792750598208,3.7728372481819146,0.07022687089936606,154.02180165491012,0.0,7.018628106620164,7.018628106620164,0.0,0.0,0.0,0.0,2.436241477806689,4.557627521068666,5.337254646264002,6.505922365833647,2.436241477806689,1.0,1.28315408586358,0.2532287442935015,428.0,55.947712418300654,0.0,0.0,337.0,44.052287581699346,19.0,2.4836601307189543,134.6379333544145,5.80422506950877e-30,0.6906398231010565,3.625332080000881e-35,,,,,,,,,,,,-0.1375446262698161,0.01891852421570338,765.0,0.00013550758051330384,,1.0192833364839342,-0.13716891753549193,0.018815311937858587,765.0,0.0001414016816758933,,1.0191761165525515,numeric
Cin_av,18.0,765.0,747.0,97.6470588235294,2.3529411764705883,-4.267436259124515,-5.1239419222163765,2.0034047919153393,4.013630760269344,0.4722070379416536,-46.94633194887714,-6.148221847260336,0.667792985114191,6.8160148323745275,-6.122787450825,-6.021049865083656,-5.940005933640356,-5.528102502504073,-4.020226079380906,-1.3823810056779906,0.17262448376405634,0.5687592848441633,1.5078764231231663,-0.15792045803533603,1.5475801069256516,1.7132940152960066,0.0,0.0,16.0,2.091503267973856,2.0,0.261437908496732,2.0,11.11111111111111,9.474794480272799,0.008761420408086593,0.804934063550244,0.0017847780270659136,,,,,,,,,,,,-0.09268555875066814,0.008590612800923556,18.0,0.7145218606346815,,1.0086650508980892,-0.10549343978484473,0.01112886583763866,18.0,0.6769673712104793,,1.011254111332783,numeric
CircVar,675.0,765.0,90.0,11.76470588235294,88.23529411764706,0.04267764821438782,0.004910834779421,0.09450788344425212,0.008931740033112345,0.0036376101298053825,221.44585608255449,2.3121471e-08,0.648025395719519,0.648025372598048,5.044062864e-07,1.59541829532e-05,6.8941625753e-05,0.000610168486196,0.0296150280835705,0.11794990110529667,0.2752614978394777,0.4516040078549428,0.029004859597374498,0.95962517664442,3.302940594703126,11.454311008759165,0.0,0.0,0.0,0.0,675.0,88.23529411764706,102.0,15.11111111111111,484.48169980468015,6.253679152971352e-106,0.5024398012032253,1.0651430980944809e-39,,,,,,,,,,,,-0.26027577892182885,0.06774348109336473,675.0,6.4947934244185385e-12,,1.0726661382564697,-0.2616111219380479,0.06844037912168417,675.0,5.025101083546426e-12,,1.0734685978092906,numeric
DC_12h_av,765.0,765.0,0.0,0.0,100.0,752.208250506807,760.7751667802855,185.52213215375164,34418.461518874086,6.70756684393443,24.663666215938797,78.04291462852517,1170.8256889614715,1092.7827743329465,294.8346189778798,472.53671578387156,506.0073881866885,626.9380920387723,854.8373434219831,1023.9450433572454,1081.0728194276567,1138.0747013794962,227.89925138321075,0.15380147755813342,-0.10730223401970605,0.07168735455553676,0.0,0.0,0.0,0.0,765.0,100.0,2.0,0.261437908496732,1.7140732270408916,0.42441793498051084,0.9871646589386762,3.0251111270206213e-06,,,,,,,,,,,,0.14972037236724364,0.022416189901786093,765.0,3.214026445837975e-05,,1.0229301975648861,0.15184602959427135,0.02305721670354433,765.0,2.470642029729238e-05,,1.0236013992812796,numeric
EL_m_av,67.0,765.0,698.0,91.24183006535948,8.758169934640522,2.0298902935848773,2.09723661456097,0.2858410476829506,0.08170510454048685,0.03492104196965022,14.08160079322033,0.676310241515799,2.314502159965623,1.6381919184498241,0.6909753166678474,1.6779992607103846,1.92348429484685,1.9652054263837408,2.164320284796107,2.22864794858475,2.2727267833550773,2.3118475690910203,0.1991148584123663,0.0482173674020974,-3.4586144381579613,13.979843499847608,0.0,0.0,0.0,0.0,67.0,8.758169934640522,4.0,5.970149253731343,75.06408565091276,5.012344428497942e-17,0.616802574336974,6.044964895987012e-12,,,,,,,,,,,,0.22029611657127438,0.04853037897638451,67.0,0.07323805462368572,,1.0510057051786628,0.21976697217904886,0.04829752206074684,67.0,0.07394831313687994,,1.0507485513385726,numeric
FFMC_12h_a,765.0,765.0,0.0,0.0,100.0,93.39254281070373,93.89907897784218,2.6320067175845248,6.927459361410065,0.09516040370456491,2.8182193549642487,75.20362339659026,98.64789748792484,23.444274091334577,82.63766350162693,88.79058271755848,90.373795209521,92.24410201005004,94.94546599009118,96.0468798428409,96.74229290212266,97.82139232975791,2.701363980041137,0.014431167339619584,-1.6454310170039539,5.667048322668759,0.0,0.0,0.0,0.0,765.0,100.0,30.0,3.9215686274509802,284.047535149518,2.088629670462433e-62,0.8970785904034424,3.20378601423474e-22,,,,,,,,,,,,0.07351899659327156,0.005405042860081475,765.0,0.04206652420667503,,1.0054344161120867,0.07624339749395491,0.00581305566142121,765.0,0.03499558560204963,,1.0058470448586394,numeric
FWI_12h_av,765.0,765.0,0.0,0.0,100.0,48.35194558285784,47.731246420213594,11.700044773363889,136.89104769871963,0.4230160115307673,24.197671122280326,8.397225001543923,87.28842620925589,78.89120120771196,22.92564030947895,31.084431180416832,34.593943985345156,40.54808178887531,56.35432857344151,62.63431431586264,68.98086025765836,83.03044045006328,15.806246784566198,0.1631151044175976,0.29132520532004574,0.5035723934244576,0.0,0.0,0.0,0.0,765.0,100.0,13.0,1.6993464052287581,16.41296574726963,0.00027287878465496595,0.9893575535026307,2.393303747091624e-05,,,,,,,,,,,,0.16761634636147635,0.028095239567570405,765.0,3.1395048447198738e-06,,1.028907399892835,0.1673615756982337,0.02800989702019561,765.0,3.2510133252817154e-06,,1.0288170599004316,numeric
HDW_av,765.0,765.0,0.0,0.0,100.0,9.948353446901354,10.11439665490057,0.8613063789105914,0.7418486783520752,0.031140597849867255,8.657778229410066,6.243073259186341,11.617765306038063,5.374692046851722,7.504579492497756,8.333734542151603,8.638999460260278,9.528489894388818,10.538925440550523,10.881059689503878,11.011807064467218,11.405329553370008,1.0104355461617054,0.05035205228460279,-1.030455865328211,1.2461183084272727,0.0,0.0,0.0,0.0,765.0,100.0,23.0,3.0065359477124183,118.5704307133665,1.7896088226927536e-26,0.9367809507003881,1.7393639429620977e-17,,,,,,,,,,,,0.3549023012741096,0.12595564344965884,765.0,3.995696535830039e-24,,1.144106694935687,0.3571141722811264,0.12753053204403403,765.0,1.9959207161529095e-24,,1.1461719140072768,numeric
Haines_av,765.0,765.0,0.0,0.0,100.0,,,,,,,,,,,,,,,,,,,,,,,,,,,,,,,,,,2.0,0.261437908496732,4.0,724.0,94.64052287581698,2.0,41.0,5.359477124183006,0.3014753435439591,1.0,0.3014753435439591,0.01789574918439997,0.0003202578388709522,765.0,,0.6211634178335371,1.000320360436812,0.01763864919587778,0.0003111219454552398,765.0,,0.6261867099916247,1.0003112187724452,categorical
HigCC_p_av,765.0,765.0,0.0,0.0,100.0,1.3547783343823796,0.032427484000724,1.705475184064405,2.908645603459516,0.061661585412908046,125.88592102352317,0.0,4.61512051684126,4.61512051684126,0.0,0.0,0.0,0.0,2.821169799855732,4.421367258266337,4.504329032618286,4.602435882329559,2.821169799855732,1.0,0.7825029037186514,-1.006182857517409,363.0,47.45098039215686,0.0,0.0,402.0,52.54901960784314,0.0,0.0,229.14547425954908,1.7445864216753594e-50,0.75334163568774,3.017739185676269e-32,,,,,,,,,,,,0.07667881944696674,0.0058796413517805245,765.0,0.03396508406405912,,1.005914415996646,0.07647192523101502,0.005847955348537952,765.0,0.03445146101474053,,1.0058823550984983,numeric
LCL_hPa_av,765.0,765.0,0.0,0.0,100.0,6.631068354416508,6.636922783051594,0.108615730732974,0.01179737696265791,0.003927010032368655,1.6379823721864122,6.329997542458134,6.87036872721411,0.5403711847559762,6.417192194990654,6.452066009388836,6.473490528051375,6.551199659951027,6.717298325429694,6.765788466331958,6.799185246265198,6.839402259419232,0.16609866547866758,0.012518271899477672,-0.14238905999657084,-0.8009944438659709,0.0,0.0,0.0,0.0,765.0,100.0,0.0,0.0,64.84071046158155,8.31799436704555e-15,0.9830795425350761,9.89361287404448e-08,,,,,,,,,,,,-0.25500313257489404,0.06502659762300898,765.0,8.055542638872024e-13,,1.069549141673647,-0.2587184323876147,0.06693522725710477,765.0,3.6431274831895605e-13,,1.0717369567606092,numeric
LCL_m_av,765.0,765.0,0.0,0.0,100.0,1.184570439984512,1.209551100925564,0.2686818220519849,0.07218992150117447,0.009714211777547966,22.68179358379885,0.361154049775874,1.744902660117534,1.3837486103416599,0.5253540833834198,0.7069067614137107,0.83430249556255,0.992436410685699,1.391662394875614,1.533559665642385,1.5677383410988044,1.621736959133727,0.39922598418991495,0.16745362367476252,-0.4082354578812389,-0.4526419929229948,0.0,0.0,0.0,0.0,765.0,100.0,2.0,0.261437908496732,30.76041849360086,2.0915102321821628e-07,0.9766820401013065,1.0706547753651724e-09,,,,,,,,,,,,0.23846765606435733,0.056866822988828614,765.0,2.3646143882408263e-11,,1.0602956447455725,0.24298857032016022,0.05904344530623545,765.0,9.618817848663453e-12,,1.0627483224509247,numeric
LFC_hPa_av,420.0,765.0,345.0,45.09803921568628,54.90196078431373,6.6348785248476645,6.783138275817763,0.24395991808631395,0.05951644163268101,0.011904025092847598,3.676931192827155,5.738572543512364,6.85751406254539,1.1189415190330267,6.000185568047822,6.2373109404697615,6.277031131659289,6.393050205307986,6.827743566193415,6.849393720293379,6.85751406254539,6.85751406254539,0.4346933608854284,0.03287952057935044,-0.8872766892480667,-0.34400261933931775,0.0,0.0,0.0,0.0,420.0,54.90196078431373,1.0,0.2380952380952381,45.784105015225066,1.1431623604102927e-10,0.811365960534188,8.323683892954611e-22,,,,,,,,,,,,0.09946488159565055,0.009893262670836784,420.0,0.04160965402728952,,1.0099921173120427,0.10229861460770125,0.010465006550654988,420.0,0.03610432658124837,,1.0105756811228837,numeric
LiftIdx_av,765.0,765.0,0.0,0.0,100.0,2.8009684661142553,2.864971599403426,0.31790368159341315,0.1010627507706462,0.011493831865049237,11.349777244527015,1.827256800893807,3.446792808256983,1.619536007363176,1.945741620375551,2.1906985172200732,2.3251871090342227,2.614431616447594,3.032665999028607,3.166599927909102,3.2283920089498617,3.3438596926885786,0.4182343825810131,0.07406182982118413,-0.6708195094666926,-0.006826966041588278,0.0,0.0,0.0,0.0,765.0,100.0,12.0,1.5686274509803921,48.713431477363585,2.642486379243626e-11,0.962828749935669,5.066573634017425e-13,,,,,,,,,,,,-0.24611946900620515,0.06057479302389638,765.0,5.104157018282033e-12,,1.0644806979566572,-0.24640066461253138,0.06071328752149717,765.0,4.819699831619766e-12,,1.0646376518638196,numeric
LowCC_p_av,765.0,765.0,0.0,0.0,100.0,0.3592971637758977,0.0,0.8281019381758241,0.6857528200105565,0.029940088761499672,230.47828417936836,0.0,4.522067840233825,4.522067840233825,0.0,0.0,0.0,0.0,0.096166155090566,1.485869101582667,2.497266895349171,3.6266007579758206,0.096166155090566,1.0,2.6318396224402365,6.423791963187082,530.0,69.28104575163398,0.0,0.0,235.0,30.718954248366014,170.0,22.22222222222222,421.86073692755457,2.4780205884691314e-92,0.506269352721031,1.2944484773945155e-41,,,,,,,,,,,,-0.1440601718229438,0.020753333105656094,765.0,6.364597765802365e-05,,1.0211931618531567,-0.14585167111559147,0.02127270996721066,765.0,5.140775471026726e-05,,1.0217350738901927,numeric
MidCC_p_av,765.0,765.0,0.0,0.0,100.0,0.6900489373720269,0.0,1.1501345578472093,1.3228095011543954,0.0415832026978088,166.67434663798866,0.0,4.497599112527275,4.497599112527275,0.0,0.0,0.0,0.0,1.081890514185196,2.8069277550177314,3.2545072036180946,3.9108129340300843,1.081890514185196,1.0,1.5134948776623243,0.9468739239319262,456.0,59.6078431372549,0.0,0.0,309.0,40.3921568627451,84.0,10.980392156862745,180.37124606643243,6.805837409779796e-40,0.6565680976748508,1.4705724140891404e-36,,,,,,,,,,,,-0.019960940100112762,0.00039843912968028967,765.0,0.5814661093823701,,1.0003985979466992,-0.020152433204992513,0.00040612056408168484,765.0,0.5778459757652955,,1.0004062855650047,numeric
Recirc,675.0,765.0,90.0,11.76470588235294,88.23529411764706,0.036084883690450285,0.004849668093607,0.07827593499006011,0.006127121998568116,0.00301284214250539,216.92167740248394,2.2134892e-08,0.534690443805093,0.534690421670201,5.043628036600001e-07,1.59093932029e-05,6.880120358e-05,0.0006067532803740001,0.0281698855467445,0.10532346583239292,0.2009226697405275,0.4175524909546687,0.0275631322663705,0.9578301493778204,3.465580662110651,13.241355048659091,0.0,0.0,0.0,0.0,675.0,88.23529411764706,101.0,14.962962962962964,510.9661065742539,1.1094806636045686e-111,0.5090656706607928,1.6387033310554702e-39,,,,,,,,,,,,-0.276715071342612,0.07657123070814684,675.0,2.491965028363129e-13,,1.0829205600415361,-0.2797371204250868,0.07825285654371952,675.0,1.335419058427918e-13,,1.0848962289704467,numeric
TotCC_p_av,765.0,765.0,0.0,0.0,100.0,1.6982266913442718,1.34196128926032,1.7039329572535558,2.9033875228148482,0.061605826084885094,100.33601320355923,0.0,4.61512051684126,4.61512051684126,0.0,0.0,0.0,0.0,3.221378032262897,4.435483495764034,4.5217268968278495,4.6036474188247105,3.221378032262897,1.0,0.4244368993213586,-1.3626029846559942,238.0,31.11111111111111,0.0,0.0,527.0,68.88888888888889,0.0,0.0,7165.832388815575,0.0,0.8364595036523526,2.750033588310914e-27,,,,,,,,,,,,0.04422504043656358,0.0019558542016156837,765.0,0.2217825883370446,,1.0019596870637932,0.042838799812168635,0.0018351627693470594,765.0,0.23662353711226078,,1.0018385367836025,numeric
VPD_Pa_av,765.0,765.0,0.0,0.0,100.0,7.586445831618548,7.653944180277386,0.6167386227733855,0.3803665288204124,0.022298231965446336,8.12948034510392,5.058323430567999,8.758431187034969,3.70010775646697,5.8495247670739134,6.50156697480649,6.754217571368676,7.22272312374408,8.068925037009347,8.32443843132937,8.402362431541516,8.669530537298595,0.8462019132652667,0.055337521787682434,-0.6986747925158276,0.3660743392838799,0.0,0.0,0.0,0.0,765.0,100.0,10.0,1.3071895424836601,55.68932752514429,8.076369452337636e-13,0.9666165955091353,3.31339990500991e-12,,,,,,,,,,,,0.26835019693735446,0.07201182819631692,765.0,4.3877644015958094e-14,,1.077599941878948,0.2726971278904911,0.07436372355972286,765.0,1.6407949964591716e-14,,1.0803379528789685,numeric
VentIdx_av,765.0,765.0,0.0,0.0,100.0,9.111217443908972,9.153741700097207,0.6243706891437123,0.38983875746179425,0.022574169907415894,6.852769050760789,5.456354027429082,10.619502085661507,5.163148058232425,7.578720694680928,8.037771864817065,8.31308739606681,8.663001183105681,9.565245809137409,9.866487988526542,10.025303810343702,10.524913281694262,0.9022446260317274,0.04949705950416799,-0.46689510277212404,1.081927311459666,0.0,0.0,0.0,0.0,765.0,100.0,1.0,0.130718954248366,43.6524360926143,3.318898277180924e-10,0.9845212267512964,3.126473875928817e-07,,,,,,,,,,,,0.14862790974981313,0.022090255556598597,765.0,3.6742121792321117e-05,,1.0225892580395257,0.1454117341886485,0.021144572439750167,765.0,5.4188068604598575e-05,,1.0216013231825787,numeric
aspect_cos,765.0,765.0,0.0,0.0,100.0,-0.15598557396613988,-0.257209704421221,0.6943376005796035,0.48210470357864094,0.025103828929073434,-445.12936864938854,-0.999997774203128,0.999889577167072,1.9998873513702,-0.9996026260702403,-0.9949989742500229,-0.9763104571198964,-0.853000778512145,0.528978242959534,0.8706043342705493,0.956302793808368,0.9978263007829723,1.381979021471679,-4.265070696748775,0.2883493016367834,-1.3981179077730232,0.0,0.0,459.0,60.0,306.0,40.0,0.0,0.0,14143.244988656634,0.0,0.8915998744343956,9.242378603061047e-23,,,,,,,,,,,,-0.013890842308407989,0.00019295550003705739,765.0,0.7012808935546085,,1.0001929927390476,-0.013443039954818303,0.00018071532322684128,765.0,0.7104700376249344,,1.0001807479871578,numeric
aspect_sin,765.0,765.0,0.0,0.0,100.0,-0.07975719570361173,-0.137630808186533,0.6989072282422516,0.4884713136892668,0.02526904416589328,-876.2936335418351,-0.999999363372266,0.999997382225565,1.999996745597831,-0.9996609118852945,-0.9909791346042206,-0.9669345471043554,-0.778401012192111,0.57092991766584,0.9333476659887805,0.9811360514773296,0.9991455932831653,1.349330929857951,-6.503705650847146,0.14084181700072504,-1.45724530012127,0.0,0.0,412.0,53.8562091503268,353.0,46.1437908496732,0.0,0.0,7182.637527633983,0.0,0.9017180791688155,9.549632552144771e-22,,,,,,,,,,,,-0.010411273126350718,0.00010839460811147267,765.0,0.7737306513459881,,1.0001084063587764,-0.00953084417706983,9.083699072758588e-05,765.0,0.7924079587554713,,1.000090845242836,numeric
d_2m_C_av,765.0,765.0,0.0,0.0,100.0,2.243485847915483,2.432615992098742,0.7088608784626854,0.50248374501489,0.025628919149107525,31.596405171056368,-1.572614499763021,2.984565825091766,4.557180324854787,-1.1449504994744673,1.057092183495886,1.6220071226123243,2.089423385886308,2.641686257919839,2.769218949228926,2.8380285503817095,2.922147652833834,0.552262872033531,0.1167300937014935,-2.969582528318959,10.585267590906659,0.0,0.0,23.0,3.0065359477124183,742.0,96.99346405228758,47.0,6.143790849673202,501.6906670324484,1.1461879615146123e-109,0.68633160844192,2.3808541201810246e-35,,,,,,,,,,,,-0.08030584450446848,0.00644902866157587,765.0,0.0263437831353849,,1.0064908885881196,-0.0843094594652154,0.0071080849553167985,765.0,0.01968886899227669,,1.0071589715331672,numeric
dfmc_av,765.0,765.0,0.0,0.0,100.0,2.3511611087672484,2.339561211436578,0.287617567278896,0.08272386500743024,0.010398835091083174,12.233001226772524,1.640166819568346,3.046408962707371,1.406242143139025,1.775460821990721,1.9258986926856476,1.9775045577238577,2.136554276208624,2.556015663161181,2.7599513665639286,2.8500745819357776,2.9642321096025253,0.4194613869525572,0.08938841453024551,0.18092702785680506,-0.6842887225088625,0.0,0.0,0.0,0.0,765.0,100.0,0.0,0.0,40.205703651798345,1.8596978179285934e-09,0.9859308269196158,1.020099345451136e-06,,,,,,,,,,,,-0.29907603441288755,0.0894464743601387,765.0,2.8457428130234344e-17,,1.0982330767400885,-0.30336445476015683,0.09202999241192725,765.0,9.493312175194682e-18,,1.1013579651781618,numeric
duration_p,765.0,765.0,0.0,0.0,100.0,4.489215692810458,3.0,3.95444364166714,15.63762451512167,0.1429732116008211,88.0876284915478,0.166667,23.0,22.833333,0.416667,0.666667,1.0,1.333333,7.5,10.650000000000006,12.5,14.090000000000003,6.166667,0.6981132716269159,1.057311591492679,0.20759542343785053,0.0,0.0,0.0,0.0,765.0,100.0,1.0,0.130718954248366,102.02104791803734,7.021193233281944e-23,0.8492103129924751,2.3303118698477963e-26,,,,,,,,,,,,-0.46532142495978873,0.2165240285266083,765.0,2.2990554073797266e-42,,1.2763633300960295,-0.462780864222276,0.21416612829031664,765.0,7.274117163084971e-42,,1.2725335926591845,numeric
elev_av,765.0,765.0,0.0,0.0,100.0,6.070141774657292,6.275760729069567,0.6744906042253981,0.45493757518834266,0.024386259261499607,11.111612039135256,3.54097759318448,7.250464683085696,3.7094870899012156,4.077331628963596,4.81622628110982,5.1277809375824726,5.613747729408601,6.60893878779743,6.7461452592188165,6.840212517482303,7.104385780654759,0.995191058388829,0.0814216299328209,-0.9331109711615929,0.4321838157655864,0.0,0.0,0.0,0.0,765.0,100.0,9.0,1.1764705882352942,87.90092441648625,8.176299395692196e-20,0.9250508729017344,4.532469552719201e-19,,,,,,,,,,,,-0.11254448415639716,0.012666260914029531,765.0,0.001823013096565879,,1.0128287532498945,-0.11182312000837513,0.012504410168407467,765.0,0.0019513604011391177,,1.012662750393184,numeric
enddoy,765.0,765.0,0.0,0.0,100.0,232.81193263529414,228.104167,27.949873235993163,781.195413908087,1.010529799509567,12.005343935603745,149.739583,290.0,140.260417,171.665,189.6583334,200.0166666,219.5,252.125,262.9166666,289.125,289.541667,32.625,0.06917572223694672,0.1476454849926912,0.0363000767727466,0.0,0.0,0.0,0.0,765.0,100.0,7.0,0.9150326797385622,2.8760892103922924,0.23739149924051467,0.9643521926156478,1.0611542256440128e-12,,,,,,,,,,,,-0.032095264243850626,0.0010301059868825964,765.0,0.37535465311346977,,1.0010311681994182,-0.028217526127119516,0.0007962287807346725,765.0,0.4357811202113231,,1.0007968632662017,numeric
f_load_av,765.0,765.0,0.0,0.0,100.0,2.9973854678188068,3.000685660309831,0.20711410543132877,0.04289625266861957,0.007488226285319929,6.90982550142426,1.168345626682785,3.437363034990904,2.2690174083081187,2.482814159695122,2.689859519998792,2.7678287234687935,2.872414248252736,3.138099514840913,3.244363193023317,3.297375895621984,3.379865217424133,0.2656852665881768,0.04420342038305673,-1.7149779344346996,11.781139741069891,0.0,0.0,0.0,0.0,765.0,100.0,7.0,0.9150326797385622,352.01185865800176,3.644148868249559e-77,0.9117373292036218,1.159808554551711e-20,,,,,,,,,,,,0.05872139828068533,0.003448202616038874,765.0,0.10461113289383611,,1.0034601338586622,0.05926677392201188,0.0035125504911228673,765.0,0.10142221892342274,,1.003524931992725,numeric
f_start,765.0,765.0,0.0,0.0,100.0,1500.4640522875818,645.0,2208.798496642805,4878790.7987715155,79.85927818431387,147.2076917321217,0.0,15300.0,15300.0,0.0,0.0,0.0,100.0,1840.0,4276.0,5867.999999999997,9648.0,1740.0,0.8969072164948454,2.658523736986978,9.337183488987835,141.0,18.43137254901961,0.0,0.0,624.0,81.56862745098039,70.0,9.15032679738562,454.7424929690193,1.794412592563824e-99,0.6875046821309614,2.668429895526225e-35,,,,,,,,,,,,-0.17943770319705943,0.032197889328635994,765.0,5.8687843631098e-07,,1.033269083600469,-0.18067324266883095,0.032642820616470274,765.0,4.893096789583521e-07,,1.0337443307520318,numeric
fuel_model,765.0,765.0,0.0,0.0,100.0,,,,,,,,,,,,,,,,,,,,,,,,,,,,,,,,,,13.0,1.6993464052287581,233.0,332.0,43.39869281045752,223.0,136.0,17.77777777777778,2.41355626521524,3.700439718141092,0.6522349907182611,0.20560558486568925,0.042273656527962146,765.0,,0.0010794958963537987,1.044139598765455,0.21132450677110395,0.044658047162050366,765.0,,0.0005455080805760827,1.046745615043272,categorical
gT_5_3_av,765.0,765.0,0.0,0.0,100.0,-2.1626909262911407,-2.171982205553362,0.05862460727717685,0.003436844578403217,0.0021195771493461497,-2.7107251694866004,-2.277130433920864,-1.892800751274906,0.3843296826459577,-2.2654627414054023,-2.243118121932318,-2.228458900833992,-2.203776689999595,-2.130259807944904,-2.0754854587120906,-2.062192181726826,-1.9765854395968432,0.0735168820546912,-0.01696268180703093,0.8671279374703206,1.1589764047307365,0.0,0.0,765.0,100.0,0.0,0.0,12.0,1.5686274509803921,94.00423768160448,3.865797934434808e-21,0.9561060144948611,2.4266518794891383e-14,,,,,,,,,,,,0.06385196199422784,0.004077073050512316,765.0,0.07756856588111398,,1.0040937636238583,0.06275560073234937,0.003938265423278049,765.0,0.08281064466427523,,1.0039538366815703,numeric
gT_7_5_av,765.0,765.0,0.0,0.0,100.0,-2.064350911572572,-2.063877428994322,0.11249949151107422,0.01265613559025026,0.0040674276996438925,-5.4496302387550415,-2.386351021934564,-1.584206045221887,0.8021449767126769,-2.3567098785145606,-2.255381408643465,-2.210878335992048,-2.127092770283835,-1.989959700524543,-1.92506164778084,-1.889801274525808,-1.7939708085430315,0.13713306975929207,-0.03330855526657064,-0.05939920183477156,0.5490378058461123,0.0,0.0,765.0,100.0,0.0,0.0,20.0,2.6143790849673203,7.15296774002627,0.027973885351925954,0.9933272182736882,0.0017355999193108998,,,,,,,,,,,,-0.04206489498265914,0.0017694553899021421,765.0,0.24520728312816567,,1.0017725919122153,-0.04202874837875312,0.0017664156902845428,765.0,0.24561346390681993,,1.001769541436042,numeric
gT_8_7_av,765.0,765.0,0.0,0.0,100.0,-2.0478953673467677,-2.066907224217893,0.20973153903919836,0.04398731846775079,0.007582859797130777,-10.241321035406433,-2.442733555278102,-0.745817272208092,1.6969162830700102,-2.4145207082405755,-2.327790635854226,-2.2968613019883626,-2.193835230062711,-1.952626055261247,-1.7778629465098081,-1.667694720059954,-1.4583340062999228,0.24120917480146398,-0.05817229637599729,1.069871579488844,2.8225015430390976,0.0,0.0,765.0,100.0,0.0,0.0,24.0,3.1372549019607843,157.59853499950367,5.996708617966859e-35,0.9479014955024134,8.923625703597041e-16,,,,,,,,,,,,-0.03603914341910618,0.0012988198583829046,765.0,0.3194995227248365,,1.001300508985279,-0.034639107036837535,0.0011998677363094876,765.0,0.3386728332052774,,1.001201309148398,numeric
gT_9_8_av,765.0,765.0,0.0,0.0,100.0,-1.8498296903743376,-2.061518394320171,0.7220786680487653,0.5213976028510791,0.026106809340150687,-39.03487287538579,-2.485344599735176,1.554605035153955,4.0399496348891315,-2.4457511284349183,-2.4188732223659324,-2.397555797733005,-2.331769700794616,-1.676691194222124,-1.0584741222128342,-0.29128873058187155,1.0011584367498294,0.655078506572492,-0.16342394842541086,2.3157858294342972,5.7946098157054315,0.0,0.0,732.0,95.68627450980392,33.0,4.313725490196078,54.0,7.0588235294117645,374.9466121594926,3.813973449264126e-82,0.727467741108742,1.6214621333526327e-33,,,,,,,,,,,,-0.10305309698112278,0.010619940797400697,765.0,0.0043275010248864845,,1.010733934546811,-0.10650766479925595,0.011343882660990666,765.0,0.0031835800111733354,,1.0114740428568054,numeric
gT_s_9_av,327.0,765.0,438.0,57.25490196078431,42.745098039215684,-1.0608972694863072,-2.002760893159702,2.1266664549977037,4.5227102108125,0.11760492368893066,-200.45922599343177,-3.848496708090411,4.402975935422418,8.25147264351283,-3.662769695494718,-3.152295732115887,-3.0216122499833085,-2.713900298773257,1.0489915911876704,2.6260049593705768,2.8829739892802313,3.636700767363047,3.7628918899609274,-2.2601190520636947,0.870003401676415,-0.6900713305332773,0.0,0.0,238.0,31.11111111111111,89.0,11.633986928104575,0.0,0.0,47.87927426617491,4.010030670716853e-11,0.8466331860937304,2.2630798973471178e-17,,,,,,,,,,,,-0.2835727183480113,0.08041348659128053,327.0,1.83123650951897e-07,,1.0874452652564512,-0.28629138056673376,0.08196275458680638,327.0,1.3799776565866903e-07,,1.0892804240746423,numeric
gp_300_av,765.0,765.0,0.0,0.0,100.0,11.454524370784616,11.45516788007695,0.007986736731087005,6.378796361169433e-05,0.0002887610759252969,0.06972560773852478,11.429805285224115,11.472830257057842,0.04302497183372722,11.437661437598672,11.44123456119757,11.441752990987863,11.449477838062045,11.460345899611799,11.464423911490838,11.466132393427358,11.470746767368416,0.01086806154975406,0.00047438433722570196,-0.31843071893428754,-0.3702191030052244,0.0,0.0,0.0,0.0,765.0,100.0,5.0,0.6535947712418301,18.86677049528064,8.000789444149397e-05,0.981830390474062,3.813069636653268e-08,,,,,,,,,,,,0.06411844820216941,0.004111175399854282,765.0,0.07633602615856651,,1.0041281469359844,0.0660965437347421,0.004368753093678675,765.0,0.06767736609975075,,1.0043879228451833,numeric
gp_500_av,765.0,765.0,0.0,0.0,100.0,10.961223509139382,10.961429880482163,0.00918739687566239,8.440826135093106e-05,0.0003321710350665223,0.08381725696955282,10.929032133076687,10.979590126836738,0.050557993760051545,10.939768959716012,10.945160746123298,10.948560199478235,10.955565299174154,10.968018720605299,10.97243410048018,10.97485567971482,10.977344219238233,0.012453421431144918,0.0005680376629984149,-0.50265300112827,-0.017444417084166997,0.0,0.0,0.0,0.0,765.0,100.0,6.0,0.7843137254901961,29.343637090142327,4.247272897866802e-07,0.9767515486610203,1.1198269924566308e-09,,,,,,,,,,,,0.0441848376940565,0.001952299882050116,765.0,0.2222034026552261,,1.0019561188125772,0.04617810563538283,0.0021324174400725753,765.0,0.20202078334882254,,1.0021369743614699,numeric
gp_700_av,765.0,765.0,0.0,0.0,100.0,10.348674653095134,10.348492067375366,0.012383323595356939,0.0001533467032673239,0.0004477200094762247,0.119660961528569,10.303548861123188,10.376028079306781,0.07247921818359337,10.316448729682426,10.321384351948472,10.333991278538285,10.342688746632694,10.357281532919103,10.364648417787603,10.367357492251228,10.371046909853582,0.01459278628640881,0.000704966533252664,-0.6077798200485122,0.553992446718456,0.0,0.0,0.0,0.0,765.0,100.0,37.0,4.836601307189543,47.89330344088993,3.982000385646896e-11,0.9647951897744838,1.3208361515462048e-12,,,,,,,,,,,,0.034496921190814815,0.0011900375716452883,765.0,0.34066045771414777,,1.0011914554483938,0.034944429670404425,0.0012211131649898412,765.0,0.3344298704367655,,1.0012226061054008,numeric
gp_850_av,765.0,765.0,0.0,0.0,100.0,9.626983759493113,9.628708240973065,0.017729073858496574,0.00031432005988002665,0.0006409960181374051,0.18416021363923085,9.568840183034732,9.669844261766775,0.10100407873204276,9.57957296768882,9.5883456059778,9.604808789776822,9.618981217284889,9.638895882483798,9.64790651387543,9.652801966224878,9.662549408915297,0.019914665198909276,0.001034104906565661,-0.666715322742077,0.6257841381277918,0.0,0.0,0.0,0.0,765.0,100.0,42.0,5.490196078431373,56.39353826678823,5.679351624087086e-13,0.9645697095301973,1.1813012121933615e-12,,,,,,,,,,,,0.00335139471303759,1.123184652257631e-05,765.0,0.9262660875794025,,1.0000112319726784,0.003762871272310476,1.415920021197946e-05,765.0,0.9172438994039052,,1.0000141594006977,numeric
gp_950_av,765.0,765.0,0.0,0.0,100.0,8.647840611140467,8.65098562784672,0.042878003168552566,0.001838523155722404,0.001550257476283983,0.49582323607254675,8.527646712093095,8.763716159445925,0.23606944735283086,8.541522433320148,8.568351549942541,8.591158583409168,8.61930891418278,8.682991471360188,8.698695721849251,8.71060043948603,8.72772357327173,0.06368255717740823,0.0036805832610916026,-0.39461911621932144,-0.25557160940765433,0.0,0.0,0.0,0.0,765.0,100.0,0.0,0.0,21.329392320963844,2.3355077154030414e-05,0.9820463577962724,4.484200357208983e-08,,,,,,,,,,,,-0.05901305131502926,0.0034825402255102764,765.0,0.10289603810026242,,1.0034947106960859,-0.05933661185380117,0.003520833506288658,765.0,0.10101950423122742,,1.003533273574276,numeric
gp_m2s2_av,765.0,765.0,0.0,0.0,100.0,8.29668277287962,8.504023255655477,0.6346673354019597,0.4028026266262237,0.022946445938548957,7.649651707506214,5.890610681527053,9.256369675614666,3.3657589940876127,6.239730008618689,7.199299350698339,7.463184209138765,7.792749132719531,8.764383338770225,8.971411880683414,8.996230720930347,9.189676204419067,0.9716342060506937,0.05868372483724347,-1.095517264504454,1.0164380440683014,0.0,0.0,0.0,0.0,765.0,100.0,12.0,1.5686274509803921,122.58539047187364,2.4039236939946544e-27,0.9044563014477611,1.852876664822612e-21,,,,,,,,,,,,-0.08901950680433478,0.007924472591687005,765.0,0.013777102384752856,,1.0079877714677519,-0.088571620724987,0.007844931997850947,765.0,0.014262554712069789,,1.0079069615737064,numeric
inidoy,765.0,765.0,0.0,0.0,100.0,232.6248819869281,227.6875,27.946138724643262,780.9866696170058,1.0103947779667566,12.013391897696327,149.684028,289.875,140.190972,171.59500012,189.5416664,199.69166660000002,219.125,251.958333,262.5180554,289.083333,289.18166676,32.83333300000001,0.06969750509088804,0.15401603086610838,0.033244989259324065,0.0,0.0,0.0,0.0,765.0,100.0,7.0,0.9150326797385622,3.110018137482589,0.2111874674277801,0.9641052715019113,9.399994923425735e-13,,,,,,,,,,,,-0.029356050896718344,0.0008617777242507179,765.0,0.4174832443731577,,1.0008625210256572,-0.02549277355478344,0.000649881503515466,765.0,0.4813974538391713,,1.0006503041241372,numeric
land_use,676.0,765.0,89.0,11.633986928104575,88.36601307189542,,,,,,,,,,,,,,,,,,,,,,,,,,,,,,,,,,8.0,1.183431952662722,7.0,317.0,46.89349112426036,4.0,162.0,23.964497041420117,1.9066891820234537,3.0,0.6355630606744845,0.17640179592434638,0.03111759360533475,676.0,,0.0034912276835721836,1.0321169972743414,0.1770100671622255,0.03133256387677558,676.0,,0.0032925620470178156,1.0323460485078078,categorical
landform,764.0,765.0,1.0,0.130718954248366,99.86928104575163,,,,,,,,,,,,,,,,,,,,,,,,,,,,,,,,,,10.0,1.3089005235602094,22.0,375.0,49.08376963350785,21.0,238.0,31.151832460732987,1.8348963717887932,3.321928094887362,0.5523588468434353,0.13058881413579118,0.017053438377392212,764.0,,0.16128777956207146,1.0173493036582184,0.12691433424261253,0.01610724823624557,764.0,,0.1968976300558521,1.0163709390148177,categorical
rh_2m_av,765.0,765.0,0.0,0.0,100.0,3.6254232175367944,3.651290191403788,0.4367006425168141,0.19070745117459828,0.0157889450518123,12.045507967302084,2.289539810988985,4.519948984679796,2.230409173690811,2.6255735917002423,2.8612190918962774,3.050147626566407,3.327279797341479,3.968068151076314,4.180837515235041,4.280040354400797,4.432903408497212,0.6407883537348349,0.08783520104394861,-0.2686169696212029,-0.5746798617521667,0.0,0.0,0.0,0.0,765.0,100.0,1.0,0.130718954248366,30.022199428144226,3.025256668233694e-07,0.9848234967279709,4.008771502429055e-07,,,,,,,,,,,,-0.283398114025592,0.08031449103326245,765.0,1.3498131763454513e-15,,1.0873282119270264,-0.28731592620646956,0.08255044145188146,765.0,5.262448516109309e-16,,1.0899781799257926,numeric
rh_300_av,765.0,765.0,0.0,0.0,100.0,3.5754195676549103,3.597852860839229,0.6581647102205387,0.4331807857796856,0.02379599531803744,18.40804128764736,1.726890916390591,4.718178656521107,2.991287740130516,1.9374835292920536,2.3681850274079164,2.693844653201256,3.195102499762881,4.019056002913093,4.5525606367521485,4.655429483767866,4.691962084619392,0.8239535031502117,0.11421339063240427,-0.3009493979813781,-0.2115320457142431,0.0,0.0,0.0,0.0,765.0,100.0,10.0,1.3071895424836601,12.849975576712797,0.001620553067424972,0.978752552041776,4.23102975725733e-09,,,,,,,,,,,,0.02321218109009109,0.0005388053509591823,765.0,0.5214877662575532,,1.000539095818671,0.020086274118672722,0.00040345840797046165,765.0,0.5790955010535235,,1.0004036212523584,numeric
rh_500_av,765.0,765.0,0.0,0.0,100.0,3.083428975751911,3.065758862178154,0.7564961234193295,0.5722863847484734,0.027351175065232294,24.53424837635035,0.912527514606521,4.634741728496627,3.7222142138901058,1.5802518803414158,1.865456215353548,2.002656399836924,2.533541443800666,3.698101956362735,4.146845882199492,4.2165548057754645,4.389681839297774,1.164560512562069,0.18687855478564977,-0.1028275254975787,-0.8361084177756317,0.0,0.0,0.0,0.0,765.0,100.0,0.0,0.0,74.62632646724111,6.238771869830101e-17,0.978085478633278,2.694530308324591e-09,,,,,,,,,,,,0.04649995644959456,0.0021622459498141905,765.0,0.1988911476702582,,1.0021669313884323,0.045123549835097254,0.0020361347497205055,765.0,0.2125258915641016,,1.0020402890531612,numeric
rh_700_av,765.0,765.0,0.0,0.0,100.0,3.2210628974085815,3.283897818584154,0.7029525461702981,0.4941422821673051,0.025415302944252136,21.823620604733904,0.896572565231913,4.491177156518209,3.594604591286296,1.2817826242283996,1.8826248007381379,2.237988978490127,2.826788348031103,3.783294883109836,4.048210812039876,4.13468661324213,4.3960420137120355,0.956506535078733,0.14470415902972442,-0.676538955685597,0.11986819812585336,0.0,0.0,0.0,0.0,765.0,100.0,14.0,1.8300653594771243,49.95767020844523,1.4185013382775353e-11,0.9622871257268002,3.9146015778092993e-13,,,,,,,,,,,,0.05455510586596479,0.002976259576046626,765.0,0.13166331143159485,,1.002985144139879,0.05228438332418261,0.002733656739590064,765.0,0.14853145548668503,,1.0027411501030434,numeric
rh_850_av,765.0,765.0,0.0,0.0,100.0,3.475347718492562,3.539053994542278,0.49473951182184217,0.24476718455771473,0.01788734480008178,14.235683790410366,0.843731031869943,4.53037787833206,3.686646846462117,1.9031085595712331,2.6272004080779543,2.8177304944944965,3.192884995233284,3.810306049036715,4.012092881754103,4.206154186058859,4.3950370601748725,0.6174210538034308,0.08816281747855556,-0.9634921529489744,2.2539407460217995,0.0,0.0,0.0,0.0,765.0,100.0,14.0,1.8300653594771243,131.30547232094284,3.0717011736635066e-29,0.955928756726004,2.249753846190239e-14,,,,,,,,,,,,-0.07395238119654016,0.005468954684638386,765.0,0.04086691644070391,,1.005499028622987,-0.07531006357224763,0.00567160567525598,765.0,0.0372945086878466,,1.0057039562659855,numeric
rh_950_av,765.0,765.0,0.0,0.0,100.0,3.577783017972119,3.582969795666247,0.47782101066021876,0.2283129182283529,0.01727565509964904,13.355226078831544,1.126438230917521,4.578398175819101,3.4519599449015796,2.5172851290513503,2.782193454986849,2.999212980399037,3.255033439092049,3.945023365070293,4.182863326741522,4.274622564040856,4.400117256514491,0.689989925978244,0.09583117810672853,-0.6500165937363274,1.5322585392839474,0.0,0.0,0.0,0.0,765.0,100.0,5.0,0.6535947712418301,74.29796664853313,7.351932888153838e-17,0.9656432498379045,2.018754692797582e-12,,,,,,,,,,,,-0.19195578578017244,0.036847023694483456,765.0,8.776719896486726e-08,,1.0382566680485399,-0.19679216685559286,0.0387271569357195,765.0,4.068485680436781e-08,,1.040287372326329,numeric
ros_p,765.0,765.0,0.0,0.0,100.0,6.225570087233268,6.289571209840089,0.8542786314330088,0.7297919801230545,0.030886509103576272,13.72209483569821,4.460395526915002,7.814427367264822,3.35403184034982,4.496392858333277,4.759613201020034,4.9874088016666756,5.56076114708481,6.881247669105237,7.351139740619383,7.56513306431559,7.757447436944188,1.3204865220204267,0.10613129612174492,-0.18156228818513934,-0.8880828502414491,0.0,0.0,0.0,0.0,765.0,100.0,0.0,0.0,97.62625218202764,6.320169041381995e-22,0.9749626698948817,3.6157959251188343e-10,,,,,,,,,,,,,,,,,,,,,,,,numeric
ros_p_lg1,475.0,765.0,290.0,37.908496732026144,62.091503267973856,6.360692112564569,6.456177736309487,1.0314705327869629,1.0639314600078211,0.04732711384903608,16.21632543335106,1.644564872989542,8.652364633374326,7.007799760384784,3.590005880456217,4.54675987492024,5.023811076040142,5.720348747894185,7.088682808801818,7.634749276451309,7.827783311220067,8.335966647914884,1.3683340609076327,0.10682572330710884,-0.6352582041714692,0.7642450050209937,0.0,0.0,0.0,0.0,475.0,62.091503267973856,6.0,1.263157894736842,35.09164300391239,2.398537656832409e-08,0.977968192575746,1.3459838540897582e-06,,,,,,,,,,,,0.4100716334305121,0.1681587445443683,475.0,1.0878692789070502e-20,,1.2021524460845132,0.4093671339961841,0.16758145039624972,475.0,1.2839900334199985e-20,,1.2013187362007036,numeric
sP_hPa_av,765.0,765.0,0.0,0.0,100.0,6.870214567420635,6.869085719764811,0.026327548660541225,0.000693139818473166,0.0009518745306956927,0.3832129026273729,6.800290478921401,6.924276376173767,0.12398589725236597,6.811698452551738,6.829851889192507,6.834405618602301,6.850833248595956,6.895492456161727,6.903194416473059,6.907787865120637,6.921258519013872,0.04465920756577102,0.0032488105203497546,-0.09743432619360717,-0.8670658720819304,0.0,0.0,0.0,0.0,765.0,100.0,0.0,0.0,85.86865304139528,2.2587018513378514e-19,0.9756516984677475,5.554693768418791e-10,,,,,,,,,,,,0.05664078146670707,0.003208178125159267,765.0,0.11751220281959246,,1.0032185036581913,0.05655633022012269,0.0031986184879675634,765.0,0.11806105869530949,,1.00320888247879,numeric
sW_100_av,765.0,765.0,0.0,0.0,100.0,0.20606871815882913,0.210637756125028,0.03869416323856305,0.001497238268732564,0.0013989904243752163,18.777310590508556,0.045954817393783,0.326297742128372,0.280342924734589,0.05956079327687716,0.1299211264634274,0.1550402351099766,0.193103160674597,0.231320088746162,0.2437857386384106,0.25074389040470124,0.27962157343255767,0.03821692807156499,0.09004437934001584,-1.288768266476757,2.970862056015983,0.0,0.0,0.0,0.0,765.0,100.0,56.0,7.320261437908497,191.52469588435397,2.5759694883128967e-42,0.9053592638151733,2.3127120055882942e-21,,,,,,,,,,,,-0.16451810377220824,0.02706620646880308,765.0,4.7825448934255736e-06,,1.02781916575286,-0.16598241560179175,0.027550162289005923,765.0,3.923555116214172e-06,,1.0283306770391931,numeric
sW_1m_av,765.0,765.0,0.0,0.0,100.0,0.17093828322770355,0.176124862008972,0.03005399788257767,0.0009032427887259831,0.001086604586658083,17.581782919010205,0.040514035737049,0.27267967333055,0.23216563759350098,0.054686156977738126,0.1098324740436874,0.1286541721344114,0.161868677866502,0.189937597254014,0.198622204967731,0.2036164529569648,0.2324885773631664,0.028068919387511992,0.07978515840257996,-1.4232183231710525,3.6975630085131104,0.0,0.0,0.0,0.0,765.0,100.0,67.0,8.758169934640522,223.61323692088476,2.7733364674814488e-49,0.8806490681755806,8.822549996492842e-24,,,,,,,,,,,,-0.14520039874712382,0.021083155796323756,765.0,5.557366733172636e-05,,1.0215372285410764,-0.14667247397357827,0.021512814621529996,765.0,4.657738627414439e-05,,1.0219857908647103,numeric
sW_289_av,765.0,765.0,0.0,0.0,100.0,0.28166934782510056,0.296435546875003,0.06062497722503016,0.0036753878635354255,0.002191900677445233,21.523455673520626,0.050128214242183,0.38857421875,0.338446004507817,0.06910338816368908,0.1634840087890692,0.1785230102539054,0.264482421874995,0.323487758210165,0.3368342639163594,0.347844984875419,0.37962533499512463,0.05900533633517002,0.10035430083652176,-1.39183940333375,1.79679990262045,0.0,0.0,0.0,0.0,765.0,100.0,59.0,7.712418300653595,182.19751569689637,2.7309399973722436e-40,0.8702406500875326,1.0960837837960391e-24,,,,,,,,,,,,-0.1744946839975495,0.030448394743404657,765.0,1.1996688902461066e-06,,1.03140461485322,-0.1733716360920115,0.030057724201220867,765.0,1.407373532842457e-06,,1.0309891886880251,numeric
sW_28_av,765.0,765.0,0.0,0.0,100.0,0.14861077610323978,0.155109703540802,0.028816728166015073,0.0008304038221940065,0.0010418710056482358,19.390739300086903,0.029212231235571,0.292911303043364,0.263699071807793,0.0500858326792146,0.0884904886331592,0.1101825463332384,0.141761428109398,0.162582101424537,0.1732220514757296,0.1785501653737812,0.2251603771114931,0.020820673315138982,0.06841174953521537,-0.8922769568840898,4.179706132937534,0.0,0.0,0.0,0.0,765.0,100.0,93.0,12.156862745098039,156.57607254101123,9.998569015315066e-35,0.8661452297571305,4.996144814214724e-25,,,,,,,,,,,,-0.08833190915065105,0.00780252617419887,765.0,0.014528509344924391,,1.0078638843375736,-0.09000073600358405,0.00810013248118683,765.0,0.012764168680654376,,1.0081662804345854,numeric
sW_3m_av,765.0,765.0,0.0,0.0,100.0,0.22140100874321367,0.230958152144608,0.04185251697502899,0.0017516331771450894,0.0015131809447093529,18.903489741354594,0.047683706667303,0.309387200968933,0.26170349430163004,0.06063450945918372,0.132738608572302,0.159693371034105,0.212157981621036,0.250388297677197,0.2571109858231452,0.2662084877894832,0.2921384171852241,0.03823031605616101,0.08265187240109977,-1.5261732343970027,2.6968113078880784,0.0,0.0,0.0,0.0,765.0,100.0,67.0,8.758169934640522,219.89632814585923,1.7787669344256883e-48,0.8635557958377613,3.069028145051289e-25,,,,,,,,,,,,-0.1682929953047314,0.02832253226863835,765.0,2.8608434634894872e-06,,1.0291480796964088,-0.1677422834443417,0.02813747365512187,765.0,3.0857459961325365e-06,,1.0289521129711066,numeric
sW_7_av,765.0,765.0,0.0,0.0,100.0,0.10525071641395801,0.104235921988103,0.030675809048627475,0.0009410052607878553,0.001109086216812739,29.14546341706359,0.014653798612475,0.243338385224339,0.228684586611864,0.03334467723334704,0.0589541513222748,0.0671456415165664,0.086405058982659,0.123302726591257,0.1469295166591442,0.1593424477645376,0.18820057701097742,0.036897667608598,0.17594801026399007,0.4639257928523577,1.0309239564550876,0.0,0.0,0.0,0.0,765.0,100.0,19.0,2.4836601307189543,42.21384566640342,6.813650978823737e-10,0.9820828835717679,4.609362828069577e-08,,,,,,,,,,,,-0.005942006387392124,3.53074399078088e-05,765.0,0.8696677879191993,,1.000035308686567,-0.00843347054104208,7.112342536662459e-05,765.0,0.8158538256385001,,1.000071128484268,numeric
t_2m_C_av,765.0,765.0,0.0,0.0,100.0,3.2830620866548634,3.300430494190429,0.21059172650316466,0.0443488752715837,0.007613959940525456,6.414491134943419,2.697676531656038,3.691504332520419,0.993827800864381,2.7891556432330233,2.9349211272191846,2.989001547418109,3.114972562630594,3.450588390238029,3.5484586155377587,3.5864291832240514,3.6731529495141366,0.33561582760743525,0.05111761660834145,-0.3153508040353689,-0.6128808859522401,0.0,0.0,0.0,0.0,765.0,100.0,0.0,0.0,37.75820907657352,6.322794629659684e-09,0.9804341726241967,1.3717504198118017e-08,,,,,,,,,,,,0.2488041687033615,0.06190351436417077,765.0,2.9436610701247342e-12,,1.0659884300943878,0.2517893932782526,0.06339789856743057,765.0,1.5840259629852506e-12,,1.0676892550961192,numeric
t_300_av,765.0,765.0,0.0,0.0,100.0,-3.628281914430374,-3.628696262219614,0.055719404326934036,0.003104652018548355,0.002014539315004102,-1.5356966641794636,-3.797632324729014,-3.457578368908797,0.3400539558202169,-3.7640263967944447,-3.717148302045914,-3.6888088258897858,-3.666005541148007,-3.599577073567516,-3.5489890514778333,-3.526072482994228,-3.483795755618062,0.06642846758049092,-0.009142896186459765,0.19632968104941273,0.32586223870383035,0.0,0.0,765.0,100.0,0.0,0.0,19.0,2.4836601307189543,7.794435150752469,0.020298311466659797,0.988027306225279,6.6763729198642276e-06,,,,,,,,,,,,0.09554057445230144,0.009128001366675754,765.0,0.008187177119275524,,1.0092120893306762,0.09759322669697534,0.009524437897127222,765.0,0.006906232443649758,,1.0096160251313075,numeric
t_500_av,765.0,765.0,0.0,0.0,100.0,-2.2785246287028693,-2.275181615017752,0.24599661494660088,0.06051433456518622,0.008894026383700968,-10.796311430991341,-2.77684568097552,-1.208075807851001,1.5687698731245192,-2.7228708980722303,-2.7080910118909705,-2.5685942780295097,-2.449187518451834,-2.133331464197535,-2.023390988688749,-1.920533540340037,-1.512562934516308,0.31585605425429897,-0.06892629478463999,0.5974791304870051,1.4453147524907517,0.0,0.0,765.0,100.0,0.0,0.0,17.0,2.2222222222222223,66.08015719130005,4.4758568097283896e-15,0.9640784909199245,9.277515686694707e-13,,,,,,,,,,,,0.04265519950768639,0.0018194660450405293,765.0,0.23864049489841827,,1.0018227825359722,0.04481230463526966,0.0020081426467242107,765.0,0.21570037169008402,,1.002012183398019,numeric
t_700_av,765.0,765.0,0.0,0.0,100.0,2.2223282440621364,2.311229926298254,0.3362843442478664,0.11308716018621753,0.012158386125822707,15.132073542528577,0.216812517389232,2.848291464160035,2.631478946770803,1.2865978914700336,1.6084822552803495,1.674547065555205,2.086603402395549,2.448098243853469,2.538873761052209,2.6049580337461795,2.829221305009051,0.36149484145791977,0.07971744773042312,-1.2423986768843962,2.2840968882766473,0.0,0.0,0.0,0.0,765.0,100.0,34.0,4.444444444444445,171.34247041034314,6.215202634922733e-38,0.9103718252920591,8.154086046273018e-21,,,,,,,,,,,,0.077122042909348,0.005947809502511315,765.0,0.032942822591858247,,1.0059833976116834,0.07946132252626562,0.006314101777623207,765.0,0.027972374510999834,,1.0063542229882891,numeric
t_850_av,765.0,765.0,0.0,0.0,100.0,2.997490840648035,3.024980222248169,0.2046428959752672,0.04187871487314403,0.007398879518875057,6.827139993229301,2.17882661140949,3.375981119892957,1.1971545084834667,2.4303669739843095,2.652692530961726,2.719384674002833,2.85699715036507,3.156879642164471,3.2465533655029115,3.2840592803141817,3.342735263960671,0.29988249179940096,0.04986508738787534,-0.6289934931211371,0.2967956341874065,0.0,0.0,0.0,0.0,765.0,100.0,7.0,0.9150326797385622,46.101231105250704,9.755395048762338e-11,0.9695058443921495,1.528581196253603e-11,,,,,,,,,,,,0.07474434228957437,0.005586716704301055,765.0,0.038749461432164255,,1.0056181034567293,0.07566565674376662,0.0057252916104655145,765.0,0.0364039386249533,,1.0057582593242655,numeric
t_950_av,765.0,765.0,0.0,0.0,100.0,3.25331241538118,3.278737287905981,0.19690196706985397,0.03877038463597785,0.007119005643642897,6.052353476380891,2.701864533350728,3.633948495038767,0.932083961688039,2.78677661389215,2.9125179415554086,2.969777893843593,3.099374547522257,3.405129865538839,3.4943362790895143,3.5408807739358177,3.5778651901788296,0.30575531801658196,0.047006704677242266,-0.4262948884809156,-0.610119488580549,0.0,0.0,0.0,0.0,765.0,100.0,0.0,0.0,46.81814857304833,6.816606288920065e-11,0.9707859576388557,3.1014257455086216e-11,,,,,,,,,,,,0.14052486014761986,0.019747236319508123,765.0,9.629747694720141e-05,,1.0201450452895073,0.1434902244511011,0.020589444513027372,765.0,6.808461361129682e-05,,1.021022281613853,numeric
vwv_300_av,765.0,765.0,0.0,0.0,100.0,0.004783567868632338,-0.002859609571359,0.08765454079606326,0.0076833185221687195,0.00316915661079568,1832.4092644498098,-0.243645414070619,0.573398711230239,0.817044125300858,-0.1920028214688627,-0.1228795516566242,-0.08366916853952121,-0.042399993260122,0.046248805403696,0.10440640495557763,0.1473295006285652,0.32326207257233236,0.088648798663818,23.03276838591007,1.1265459416652142,4.913404976388774,0.0,0.0,392.0,51.24183006535947,373.0,48.75816993464052,36.0,4.705882352941177,200.3749338254787,3.0841533504622095e-44,0.930810240321897,2.5689606978149555e-18,,,,,,,,,,,,0.004822046507532909,2.3252132520810325e-05,765.0,0.8940716687962699,,1.0000232526731951,0.0059878865114180386,3.585478487362209e-05,765.0,0.8686705361291325,,1.0000358560704854,numeric
vwv_500_av,765.0,765.0,0.0,0.0,100.0,-0.009887294517411443,-0.014785042700504,0.06899779863679344,0.004760696216723494,0.002494620674459842,-697.8430602556532,-0.322216690328541,0.394983902533224,0.7172005928617651,-0.15052211418639444,-0.1060080386747362,-0.0813545412011366,-0.048510478770243,0.018269258351574,0.061406696812405216,0.09513375636312417,0.23400712019627976,0.06677973712181699,-2.208235520832071,0.9879316475987949,4.878054940471047,0.0,0.0,471.0,61.568627450980394,294.0,38.43137254901961,40.0,5.228758169934641,180.33756347824811,6.921427127316316e-40,0.9222095977873199,1.9957875630461603e-19,,,,,,,,,,,,-0.08906669866696536,0.007932876811432009,765.0,0.01372681029084617,,1.0079963105580347,-0.08556941795632331,0.007322125289383945,765.0,0.01792295138505474,,1.0073761342686502,numeric
vwv_700_av,765.0,765.0,0.0,0.0,100.0,0.001844163713718933,-0.008611304175338,0.08901589547964926,0.007923829648043841,0.003218376493256327,4826.8976781969195,-0.73853648348981,0.413688430720858,1.152224914210668,-0.18939109205030374,-0.1147807027326138,-0.077794039297148,-0.04450971277152,0.052370810886266,0.10451323879547161,0.14850201340118374,0.22100905994184317,0.096880523657786,12.324044585584758,-0.8281456136789247,9.763434457949456,0.0,0.0,418.0,54.64052287581699,347.0,45.35947712418301,21.0,2.7450980392156863,211.9602662980913,9.406173430853082e-47,0.9086189660365005,5.217645724395075e-21,,,,,,,,,,,,-0.020217910875741128,0.0004087639201794114,765.0,0.5766105682850909,,1.0004089310764492,-0.02369389871366416,0.0005614008362533762,765.0,0.5128791911835061,,1.0005617161841889,numeric
vwv_850_av,765.0,765.0,0.0,0.0,100.0,-0.025345114037578543,-0.027652630500767,0.11323284089153265,0.012821676256367149,0.004093942002451205,-446.7639826897021,-0.4580191344498,0.417373980225146,0.8753931146749461,-0.29874455660270965,-0.2145826697611538,-0.163459237151185,-0.089871539160782,0.044867540381854,0.1147421357502232,0.152836155502807,0.24810900120931448,0.134739079542636,-2.993935721234714,-0.062242874474895946,0.8114406000471881,0.0,0.0,451.0,58.954248366013076,314.0,41.045751633986924,19.0,2.4836601307189543,12.537433595730349,0.0018946582535131593,0.994116542827059,0.004470565222193518,,,,,,,,,,,,0.004182948480968887,1.7497057994439917e-05,765.0,0.9080440983257289,,1.000017497364147,0.0030509888110423888,9.30853272510585e-06,765.0,0.9328589473797849,,1.0000093086193746,numeric
vwv_950_av,765.0,765.0,0.0,0.0,100.0,-0.03581374388323903,-0.01514555870095,0.09745409909961761,0.00949730143131809,0.003523460388997456,-272.1136874640646,-0.416297676500346,0.254501531490186,0.670799207990532,-0.3475038107430121,-0.2177123170617048,-0.16475510064502238,-0.088594239300077,0.025278384412373,0.07370167010758703,0.10564579120655496,0.14195158799760652,0.11387262371245,-1.798485133216833,-0.841214793757807,1.1888752739226498,0.0,0.0,466.0,60.91503267973856,299.0,39.08496732026144,22.0,2.8758169934640523,91.17866878811468,1.5878286688050488e-20,0.9572263474506564,3.934643388228013e-14,,,,,,,,,,,,0.07397031709928455,0.005471607811768708,765.0,0.04081789986024496,,1.0055017110167461,0.07411603166918648,0.005493186150387854,765.0,0.040421520163217095,,1.0055235279174453,numeric
wScos_1_av,765.0,765.0,0.0,0.0,100.0,0.9977557204539432,0.999971730159953,0.016361073158801236,0.00026768471490764623,0.0005915358484572133,1.639787457330491,0.720968647905713,0.999999999860344,0.279031351954631,0.9465224485732003,0.9954518576543663,0.99873499412012,0.999887027452121,0.999993467320754,0.9999987019017724,0.9999997268549735,0.9999999894123449,0.00010643986863301258,5.3223114536701794e-05,-11.604938353515974,154.25429312016348,0.0,0.0,0.0,0.0,765.0,100.0,127.0,16.60130718954248,1345.4599149267817,6.87213468690263e-293,0.11510532137346607,1.8651719185691268e-50,,,,,,,,,,,,0.021036932920569375,0.00044255254670453557,765.0,0.5612636034311151,,1.0004427484861746,0.017154511574822222,0.00029427726737070957,765.0,0.6356929257836704,,1.0002943638919726,numeric
wScos_5_av,765.0,765.0,0.0,0.0,100.0,0.9999828749427144,0.999996567005284,3.8521354679078986e-05,1.4838947663114003e-09,1.3927425177212396e-06,0.0038522014370781844,0.999787052980253,0.999999999977482,0.0002129469972289577,0.9998303443465465,0.9998718672016744,0.9999579390772454,0.999990448302454,0.99999935746,0.99999986961114,0.999999963963334,0.9999999992744676,8.909157546033164e-06,4.454601478649405e-06,-3.009312923728914,8.104912297543896,0.0,0.0,0.0,0.0,765.0,100.0,103.0,13.4640522875817,484.43396968469,6.404718696496863e-106,0.47159276374776593,1.3455625597862442e-42,,,,,,,,,,,,0.06750183378840965,0.004556497564798083,765.0,0.062029575556285944,,1.0045773542683751,0.06965847512017448,0.004852303156067967,765.0,0.05412341962433519,,1.0048759628057793,numeric
wScos_7_av,765.0,765.0,0.0,0.0,100.0,0.9999385404621767,0.999988281713537,0.00013882303905790824,1.927183617327352e-08,5.019157569768204e-06,0.013883157158213295,0.998823042323113,0.999999999644582,0.001176957321468941,0.9993071535544251,0.9996105047342618,0.999859898361924,0.999951507202408,0.999998125692442,0.999999672350691,0.9999999287858176,0.9999999936622536,4.661849003395613e-05,2.3309832041358795e-05,-3.7336060396979787,15.43221602569961,0.0,0.0,0.0,0.0,765.0,100.0,89.0,11.633986928104575,616.5026727135321,1.343215148231431e-134,0.47202586381961364,1.3830954184222653e-42,,,,,,,,,,,,-0.0022192179741201837,4.924928416658093e-06,765.0,0.9511360263857289,,1.0000049249526717,-0.0017021823571697699,2.897424777060034e-06,765.0,0.962510768189043,,1.0000028974331723,numeric
wScos_9_av,765.0,765.0,0.0,0.0,100.0,0.977601680548793,0.99997302550053,0.15801248652716565,0.024967945898497705,0.005712953507233714,16.1632789377431,-0.998669084229248,0.999999999999776,1.998669084229024,0.16939595079312741,0.9660166521976494,0.9912618304622954,0.999682137632749,0.999996940870363,0.9999995735776882,0.9999998991240512,0.9999999960438491,0.00031480323761390316,0.00015742687964188413,-9.408746498931334,94.0604983194022,0.0,0.0,7.0,0.9150326797385622,758.0,99.08496732026144,155.0,20.26143790849673,1193.1592166058351,8.105281413295086e-260,0.1230675739925362,2.596635805576236e-50,,,,,,,,,,,,0.08613433377438762,0.0074191234547576115,765.0,0.017177227510151327,,1.0074745782737426,0.08679365306728236,0.007533138212763773,765.0,0.016341359705834106,,1.0075903171207128,numeric
wSsin_1_av,765.0,765.0,0.0,0.0,100.0,0.0003802397361403059,0.004892667571686,0.0649735430749468,0.004221561299711967,0.0023491234075580644,17087.52055597156,-0.692967682317875,0.553760721677525,1.2467284039953999,-0.2534028894631365,-0.0640675902218192,-0.010233076234663,-0.001771767049254,0.012299893089372,0.023330680690329404,0.04776672813694404,0.12799487544807475,0.014071660138626001,1.3365778567814606,-3.0910104386679484,47.5371654239411,0.0,0.0,236.0,30.84967320261438,529.0,69.15032679738562,105.0,13.725490196078432,639.5565181635168,1.3245447883061724e-139,0.4387039118270215,1.7549525836713677e-43,,,,,,,,,,,,0.0342050693286934,0.0011699867677807216,765.0,0.34476358389416945,,1.001171357240252,0.031467992441327405,0.0009902345482874387,765.0,0.38476307448211067,,1.0009912160846992,numeric
wSsin_5_av,765.0,765.0,0.0,0.0,100.0,-1.7136128810177795e-05,-0.001120228709656,0.005856011696248802,3.4292872986602776e-05,0.00021172454970977634,-34173.48084341368,-0.019286661956294,0.02063610169246,0.039922763648753995,-0.01431438143196124,-0.0059674568922904,-0.00488527708994,-0.003089779178196,0.001231171218046,0.0067101751846994,0.015211930035135185,0.018171933019024762,0.004320950396242,-2.3248315346143653,1.2423630199907094,3.0956224309806974,0.0,0.0,494.0,64.57516339869281,271.0,35.42483660130719,81.0,10.588235294117647,187.24347296412074,2.1907683579959912e-41,0.8435555969514189,8.88419670093604e-27,,,,,,,,,,,,-0.12357653610389374,0.015271160275436953,765.0,0.0006136530397508934,,1.0155079852030213,-0.12480528226173544,0.015576358480431455,765.0,0.0005405065203658717,,1.0158228204032034,numeric
wSsin_7_av,765.0,765.0,0.0,0.0,100.0,-0.0026320169794951946,-0.002516905701289,0.010775914329091849,0.00011612032962792704,0.00038960400480408534,-409.41659620898815,-0.038274602720925,0.048502887794449,0.086777490515374,-0.034931467028812044,-0.018449770413188,-0.0127372144214314,-0.007685105830943,0.000652780528189,0.0075386728692076015,0.01481199166928819,0.0368743819865172,0.008337886359132001,-1.1856514026543563,0.7541351491208006,4.25326151593978,0.0,0.0,540.0,70.58823529411765,225.0,29.411764705882355,73.0,9.542483660130719,139.3003747785434,5.640374666554457e-31,0.8884867382359958,4.657104090049305e-23,,,,,,,,,,,,-0.08145992318860276,0.006635719085893062,765.0,0.024250868454837444,,1.0066800459945942,-0.08515354960957217,0.007251127011109868,765.0,0.018489865982244696,,1.0073040898946364,numeric
wSsin_9_av,765.0,765.0,0.0,0.0,100.0,-0.016857251530177544,0.00140450996559,0.13820436716331314,0.019100447103011866,0.0049967894402125285,-819.8511300368402,-0.999999966355205,0.930637431769134,1.9306373981243392,-0.602235482961668,-0.209803493633229,-0.07271091156747238,-0.005216961534989,0.008909672717231,0.0253258582872382,0.052024112371366976,0.271566096181241,0.01412663425222,3.82554539335598,-2.150020578140385,24.76236876578752,0.0,0.0,319.0,41.69934640522876,446.0,58.30065359477125,180.0,23.52941176470588,472.9428927086103,2.0033448809856992e-103,0.4909897456783242,4.699977056687605e-42,,,,,,,,,,,,0.11034893404119105,0.012176887244027133,765.0,0.002239758378367303,,1.0123269916311781,0.11183270167050907,0.012506553162925083,765.0,0.0019496026727118373,,1.012664948008499,numeric
wSv_1_av,765.0,765.0,0.0,0.0,100.0,4.079244243068163,4.133986014166451,0.6631470281527975,0.4397639809478872,0.023976131403044606,16.256614917816687,-1.698620206003717,5.298543857602513,6.99716406360623,2.6019351395348713,2.9707801029807324,3.2514001607994367,3.653151961700183,4.595940822465699,4.874755759970811,5.000617244222609,5.206829044381914,0.9427888607655159,0.11429000563252209,-1.1894619464281597,6.835902536073716,0.0,0.0,1.0,0.130718954248366,764.0,99.86928104575163,5.0,0.6535947712418301,233.78085027847158,1.718436049193508e-51,0.9428456288955277,1.3926381076998312e-16,,,,,,,,,,,,0.11707489624393516,0.013706531330528184,765.0,0.0011786434032557522,,1.013897011149246,0.1138221077087575,0.012955472203263993,765.0,0.0016145294225730362,,1.0131255195063824,numeric
wSv_5_av,765.0,765.0,0.0,0.0,100.0,1.6767219347722435,1.792242984403458,0.7202117943075549,0.5187050286597078,0.02603931237758895,42.95356190979779,-1.258494545107371,2.958916819189324,4.217411364296694,-0.8633124990880731,0.3175746501510011,0.7286198735884196,1.34011543780214,2.202102572623874,2.4334147579922787,2.550508554945133,2.8372031030516593,0.8619871348217341,0.24334672012975989,-1.2413556284474185,2.048724630799066,0.0,0.0,28.0,3.6601307189542487,737.0,96.33986928104575,28.0,3.6601307189542487,166.24344959953012,7.955978359891632e-37,0.9189727433220636,8.048758626935485e-20,,,,,,,,,,,,0.07951430285422384,0.0063225243583932295,765.0,0.02786771775104293,,1.0063627530193444,0.08024613931740396,0.0064394428753482055,765.0,0.026456171806992588,,1.0064811780511738,numeric
wSv_7_av,765.0,765.0,0.0,0.0,100.0,1.5843125855452498,1.844441133982459,1.3043595276618913,1.7013537774023522,0.04715921824930337,82.32968288975555,-2.190633145095909,3.593903654556302,5.784536799652211,-1.9850414095563162,-1.1588747804275799,-0.5371160650023724,0.941662780998299,2.601272557849666,2.96876402558158,3.0728435393356275,3.2588197353542383,1.659609776851367,0.468427904583495,-0.9800882213854236,0.25691264733154506,0.0,0.0,107.0,13.986928104575163,658.0,86.01307189542484,22.0,2.8758169934640523,91.77897726751712,1.176110992173052e-20,0.9094195535891789,6.3927756481238126e-21,,,,,,,,,,,,-0.03523962786478357,0.0012418313720484304,765.0,0.33036026571683974,,1.0012433754346706,-0.03628406115492579,0.0013165330938943944,765.0,0.3162197100812905,,1.0013182686381832,numeric
wSv_9_av,765.0,765.0,0.0,0.0,100.0,1.8631326652929117,2.828648148782379,2.9774322869622782,8.865103023445421,0.10764929152246258,159.80785171270574,-8.009044183823054,7.723644856897034,15.73268904072009,-6.759643629298179,-4.132244656909349,-2.884632832998972,0.414438865646123,3.96585259904415,4.601536820497601,5.36490643712342,6.82997836171434,3.5514137333980274,0.8107711009703653,-1.0088814973788847,0.44570012974395024,0.0,0.0,173.0,22.61437908496732,592.0,77.38562091503269,22.0,2.8758169934640523,98.67414717806906,3.7426669922897106e-22,0.9104415930517636,8.301393950314974e-21,,,,,,,,,,,,0.07348009658600146,0.0053993245942881045,765.0,0.04217563912011913,,1.0054286355597795,0.07260088472756497,0.005270888463225177,765.0,0.04470631823827039,,1.0052988179415823,numeric
wco_300_av,765.0,765.0,0.0,0.0,100.0,-0.017656776790517966,-0.102788742287393,0.6569409463533864,0.43157140699568286,0.02375175004204356,-3720.6164757441825,-0.999958430917559,0.999994757979079,1.999953188896638,-0.9996352831001747,-0.9757308317095709,-0.9018983328525524,-0.585347061530239,0.630737429202233,0.9144744387245151,0.9701982850971937,0.998632673801862,1.216084490732472,26.791686278470042,0.13020056961297158,-1.353170713271866,0.0,0.0,415.0,54.248366013071895,350.0,45.751633986928105,0.0,0.0,4592.725217292008,0.0,0.922971741595768,2.4815346026237006e-19,,,,,,,,,,,,-0.04024292433576122,0.0016194929590938024,765.0,0.2662695056047891,,1.0016221199709656,-0.0381761500866563,0.0014574184354389078,765.0,0.29162754316746675,,1.0014595456041098,numeric
wco_500_av,765.0,765.0,0.0,0.0,100.0,-0.1026925666210318,-0.260400672474162,0.7045360603188376,0.4963710602895888,0.025472555019119637,-686.063347621644,-0.999960251064367,0.999977938468379,1.9999381895327462,-0.9981207601230125,-0.967827911517238,-0.9173819354240051,-0.799020175778694,0.648107817550089,0.9085734966010771,0.9657024637854689,0.9972347472188459,1.4471279933287828,-9.589194750615748,0.2818239001867335,-1.470395935946623,0.0,0.0,445.0,58.16993464052288,320.0,41.830065359477125,0.0,0.0,6689.338008318428,0.0,0.8815727917179174,1.0686703299488845e-23,,,,,,,,,,,,-0.12026583502006381,0.014463871073073207,765.0,0.0008589825296294274,,1.0146761449413548,-0.11511995475292765,0.013252603982316109,765.0,0.001425371554027172,,1.0134305943302218,numeric
wco_700_av,765.0,765.0,0.0,0.0,100.0,-0.16652201026450208,-0.42353426767645,0.7606044167221221,0.5785190787371995,0.027499710723070316,-456.75908879191695,-0.99995667355109,0.999981542653261,1.999938216204351,-0.999596084261313,-0.9946369463166365,-0.9824092268355886,-0.928669932836457,0.65179552764452,0.9168680032607495,0.9847583004353397,0.999770006881149,1.5804654604809771,-5.708239659730752,0.31555890558619737,-1.5752320663762045,0.0,0.0,444.0,58.03921568627452,321.0,41.96078431372549,0.0,0.0,4754.64232654875,0.0,0.8381214048300594,3.60621502152151e-27,,,,,,,,,,,,-0.029675485542679493,0.0008806344421937796,765.0,0.41243178264073915,,1.0008814106427635,-0.025074027037255586,0.0006287068318650242,765.0,0.4886308243134176,,1.0006291023528122,numeric
wco_850_av,765.0,765.0,0.0,0.0,100.0,-0.07729289505967171,-0.010660473671233,0.7180557997031575,0.515604131487341,0.025961362228157873,-929.0062160937348,-0.999994042886228,0.999999719651326,1.999993762537554,-0.9996592486614346,-0.9942665824914549,-0.976354763500371,-0.86264726253923,0.64689676478378,0.9279549230644202,0.9878022821139183,0.999323145631345,1.50954402732301,-6.996711678663454,0.09447830156090342,-1.4876908902379502,0.0,0.0,387.0,50.588235294117645,378.0,49.411764705882355,0.0,0.0,6169.07194057161,0.0,0.8891791163927864,5.417155065154745e-23,,,,,,,,,,,,0.05971960939970418,0.0035664317468532356,765.0,0.09883353712912099,,1.0035791967076195,0.0638550345456326,0.004077465436823933,765.0,0.07755426321454163,,1.0040941592295753,numeric
wco_950_av,765.0,765.0,0.0,0.0,100.0,0.15074058039904117,0.246181720155661,0.6767487442347387,0.4579888628232959,0.024467902485840423,448.9492759303741,-0.999881583396122,0.999996699957082,1.9998782833532038,-0.99869648464086,-0.982820732988048,-0.9218644330954971,-0.44402411808242,0.784457511783071,0.955173559513184,0.992132663240293,0.999048695179483,1.228481629865491,3.6085814511654997,-0.4099444419733873,-1.20246306079843,0.0,0.0,273.0,35.68627450980392,492.0,64.31372549019608,0.0,0.0,565.4993728581584,1.597244583236274e-123,0.8990924212407784,5.1231802519543615e-22,,,,,,,,,,,,-0.0010961430032700897,1.2015294836179717e-06,765.0,0.9758531175229274,,1.0000012015309272,0.003754081147228797,1.4093125259978681e-05,765.0,0.9174365279904432,,1.000014093323879,numeric
wcos100_av,765.0,765.0,0.0,0.0,100.0,0.16094228605801594,0.276568646701363,0.6715902816703044,0.45103350643399887,0.024281397878216565,417.2864062762298,-0.999999037204937,0.99921372834924,1.999212765554177,-0.9987841186420893,-0.9841316350813116,-0.9265210367885651,-0.457814419467652,0.780274555256016,0.9395939562438068,0.9684162720106132,0.9967299564910609,1.2380889747236679,3.8395101822330266,-0.46618178964916474,-1.1804924350239014,0.0,0.0,264.0,34.509803921568626,501.0,65.49019607843137,0.0,0.0,488.9949602870509,6.547771788684227e-107,0.8923996676912525,1.104833305690722e-22,,,,,,,,,,,,-0.03303295929747687,0.0010911763999487637,765.0,0.361557397812482,,1.0010923683665303,-0.02883582644731368,0.0008315048868995952,765.0,0.42578738546605666,,1.000832196862658,numeric
wcos10_av,765.0,765.0,0.0,0.0,100.0,0.15036947592743102,0.281671720964507,0.6706060693416,0.44971250023779086,0.0242458136063738,445.9722062642803,-0.999988199140378,0.999557971780649,1.999546170921027,-0.9987301736064645,-0.9781437604034484,-0.9231384086820805,-0.503479300544098,0.780803374185426,0.9231053481652058,0.9580450018326993,0.9969873122707099,1.284282674729524,4.630981572809748,-0.443900187125752,-1.2201841643726101,0.0,0.0,268.0,35.03267973856209,497.0,64.9673202614379,0.0,0.0,651.5561301918791,3.283855236670433e-142,0.8939406509073476,1.5626986630791076e-22,,,,,,,,,,,,-0.044121258619021754,0.0019466854621266014,765.0,0.22287006848236918,,1.0019504824379326,-0.04089527446332659,0.0016724234734308116,765.0,0.2585898322931987,,1.0016752251593104,numeric
wsi_300_av,765.0,765.0,0.0,0.0,100.0,-0.4400708891844333,-0.71972206049298,0.6127882598321603,0.37550945138812725,0.022155406291881362,-139.24762461971014,-0.999997876245981,0.997065927027656,1.997063803273637,-0.9998457916052401,-0.9973399418753776,-0.9894904416687584,-0.936218676558472,-0.01818280557319,0.5804119964052097,0.8230998246357739,0.9846721242207211,0.918035870985282,-0.9618969460680665,0.9670803765601305,-0.44526633046033703,0.0,0.0,577.0,75.42483660130719,188.0,24.57516339869281,0.0,0.0,98.28872645515062,4.538101797267505e-22,0.8223654861165854,2.997085435433046e-28,,,,,,,,,,,,-0.02635858873477758,0.0006947752000891436,765.0,0.4666277368151357,,1.0006952582482778,-0.025501169596508756,0.0006503096507899026,765.0,0.4812530189835037,,1.0006507328286285,numeric
wsi_500_av,765.0,765.0,0.0,0.0,100.0,-0.4192400078686599,-0.579051007391517,0.5642570639585284,0.3183860342270988,0.020400757201989052,-134.59046211431703,-0.999999701290684,0.997775601609567,1.997775302900251,-0.9997750313361429,-0.996335312393164,-0.9814670555741404,-0.875301681289847,-0.174059124247502,0.5111959701328634,0.7881451151116764,0.9769781025130085,0.701242557042345,-0.668256860120917,1.030289151470434,-0.04604916976615048,0.0,0.0,597.0,78.03921568627452,168.0,21.96078431372549,26.0,3.3986928104575163,96.89139035385385,9.126450711752316e-22,0.8597790363646465,1.5268011902101191e-25,,,,,,,,,,,,-0.0510334552640403,0.0026044135561868026,765.0,0.15850235383961594,,1.0026112142379462,-0.05112096063985937,0.0026133526167420504,765.0,0.1577888170165551,,1.0026202001235913,numeric
wsi_700_av,765.0,765.0,0.0,0.0,100.0,-0.1637688480306027,-0.30084499782292,0.6067689890036463,0.368168606016507,0.021937779095787358,-370.5033016354015,-0.99999990444784,0.999924943845698,1.9999248482935381,-0.9994576557314396,-0.9827179128435454,-0.9118041668446256,-0.697708992885355,0.33784578424993,0.7967919078465071,0.9343518111339562,0.9987953874189741,1.035554777135285,-2.8776344796736324,0.4084200592598336,-1.002705295903672,0.0,0.0,479.0,62.61437908496732,286.0,37.38562091503268,0.0,0.0,183.29636068899697,1.5765255005041987e-40,0.934765431637641,8.99310197276259e-18,,,,,,,,,,,,-0.12935802805260588,0.01673349942165877,765.0,0.00033437943643328284,,1.0170182747117047,-0.12842791653587407,0.016493729745745436,765.0,0.00036931996106628857,,1.0167703351209765,numeric
wsi_850_av,765.0,765.0,0.0,0.0,100.0,-0.017020751466534496,-0.112346315271874,0.6924107686988777,0.47943267261017075,0.025034164175402534,-4068.0387705576186,-0.999994177094783,0.999997182962227,1.99999136005701,-0.9997299899371289,-0.9800599204864153,-0.926103435200261,-0.622130485416829,0.709109014967472,0.9810222846541916,0.9964788468215984,0.9998728726096581,1.3312395003843012,15.305380618204067,0.19889620339780734,-1.3826945758815063,0.0,0.0,421.0,55.032679738562095,344.0,44.96732026143791,0.0,0.0,29168.448144383314,0.0,0.9034787625112828,1.4600989781451694e-21,,,,,,,,,,,,-0.12430276959037373,0.01545117852783754,765.0,0.000569381848616272,,1.0156936641341299,-0.12445877744788772,0.015489987283822846,765.0,0.0005602673980590258,,1.0157337021297401,numeric
wsi_950_av,765.0,765.0,0.0,0.0,100.0,-0.12181052644239287,-0.317532480266714,0.7111331434940199,0.5057103477756862,0.02571107306469631,-583.802701017249,-0.999997898584301,0.999999961396708,1.999997859981009,-0.9997855282152173,-0.9929806032506315,-0.9692637780041022,-0.748554830445618,0.628247365272596,0.9696068027212355,0.9902752356273024,0.9987174356521528,1.376802195718214,-11.44402962640884,0.4120590932095944,-1.3183895733600202,0.0,0.0,482.0,63.006535947712415,283.0,36.993464052287585,0.0,0.0,1958.120744786283,0.0,0.8774616495050684,4.5923868310634985e-24,,,,,,,,,,,,-0.15085970586203218,0.022758650852778867,765.0,2.7926033154537374e-05,,1.0232886695519372,-0.15259121974985654,0.02328408034474901,765.0,2.251109270486276e-05,,1.0238391531009012,numeric
wsin100_av,765.0,765.0,0.0,0.0,100.0,-0.17613545714506593,-0.412968073266734,0.7023352224954278,0.49327476475770204,0.025392983559683485,-398.7472107430257,-0.999999737518319,0.999998847904828,1.999998585423147,-0.9999033413514863,-0.9934724074252184,-0.9731666593153813,-0.749228990214016,0.525876522875173,0.9555309782117626,0.9863060431502232,0.996294557453419,1.2751055130891888,-5.708938559226904,0.5744825104274224,-1.171945119759242,0.0,0.0,515.0,67.3202614379085,250.0,32.6797385620915,0.0,0.0,473.5859489617172,1.4525056470174957e-103,0.8607358153312875,1.8196971418480794e-25,,,,,,,,,,,,-0.15932555487869884,0.025384632437405276,765.0,9.518370883436668e-06,,1.0260457953796578,-0.16180794543973176,0.02618181120742721,765.0,6.8679802716617354e-06,,1.0268857282691441,numeric
wsin10_av,765.0,765.0,0.0,0.0,100.0,-0.18443528395258255,-0.433631308566565,0.7034876882050481,0.49489492745608304,0.025434651045351524,-381.4279313202953,-0.999862956759631,0.999998355619018,1.9998613123786488,-0.999016728188554,-0.992530579016586,-0.968640182156306,-0.768648249654209,0.50115051098058,0.9556149855006668,0.9872962811651828,0.9980701365325667,1.2697987606347891,-4.746951383331344,0.5782524156862142,-1.1876127113584276,0.0,0.0,510.0,66.66666666666666,255.0,33.33333333333333,0.0,0.0,525.5192859682743,7.672501554957916e-115,0.8592129710807659,1.376822266091858e-25,,,,,,,,,,,,-0.15589344329922708,0.02430276566368933,765.0,1.4826109182557047e-05,,1.0249081014155181,-0.1576338966939237,0.024848445386910608,765.0,1.1855845663656015e-05,,1.0254816241325377,numeric
wv100_k_av,765.0,765.0,0.0,0.0,100.0,2.855844685135807,2.906525197970144,0.5191969386583889,0.2695654611122429,0.01877160493353484,18.180153191128422,0.503002029314438,4.029342157165239,3.526340127850801,1.324826418341394,1.870138053051477,2.1679954915507396,2.591005430964769,3.22031190786523,3.4743773455315083,3.577625614242899,3.810004204369096,0.6293064769004606,0.108289814547825,-0.8303414393263725,1.2064072923772247,0.0,0.0,0.0,0.0,765.0,100.0,20.0,2.6143790849673203,90.11493844896215,2.7026496276994508e-20,0.9641926379335064,9.81135806423002e-13,,,,,,,,,,,,0.2781280011824888,0.0773551850417665,765.0,4.682131141185181e-15,,1.0838406977285926,0.2765946558241854,0.07650460363049959,765.0,6.690227523222643e-15,,1.0828424309761142,numeric
wv10_kh_av,765.0,765.0,0.0,0.0,100.0,2.40641361294631,2.477289934699793,0.5086234830455281,0.25869784750536456,0.01838932083906432,21.136162142250818,0.593314557186637,3.599336289728314,3.0060217325416767,1.0944498073506495,1.4364532549407798,1.736945953648625,2.101913176106316,2.752591962495643,2.9776176101938505,3.109240665167956,3.5013013189604254,0.6506787863893271,0.1340360691381851,-0.5664931198545359,0.38286177806015864,0.0,0.0,0.0,0.0,765.0,100.0,9.0,1.1764705882352942,40.103657032655555,1.9570482058182915e-09,0.9775022139294862,1.8283566198024514e-09,,,,,,,,,,,,0.31622741581050967,0.09999977851019298,765.0,3.1559241378516e-19,,1.111110837666972,0.3155843768332228,0.09959349890121359,765.0,3.7563396250012456e-19,,1.1106094844713776,numeric
wv_300_av,765.0,765.0,0.0,0.0,100.0,3.8951929272220203,3.92906743680096,0.5284151675636467,0.2792225893113169,0.019104890702983966,13.565827866207968,0.904471936316738,5.215303723705146,4.310831787388408,2.3407189008886964,2.9307384300341845,3.3121533286054547,3.614522176469968,4.250156561431059,4.491627411157621,4.6507104911714645,4.9307012868461735,0.6356343849610906,0.0808214049351916,-0.9901982036128081,2.6262446330032954,0.0,0.0,0.0,0.0,765.0,100.0,31.0,4.052287581699346,142.57963386793563,1.094525514041113e-31,0.9523429258555969,5.079852517769401e-15,,,,,,,,,,,,-0.04040709001769781,0.0016327329236983338,765.0,0.2643223024056583,,1.0016354031001835,-0.03696407112085331,0.0013663425538275014,765.0,0.3072294051177866,,1.001368212000106,numeric
wv_500_av,765.0,765.0,0.0,0.0,100.0,3.599421757933738,3.680684143615682,0.5290855959677058,0.2799315678605024,0.019129130093088493,14.699183134110669,1.305612242151354,4.768515042266966,3.4629028001156117,2.041608079034436,2.528942383397575,2.9215950801542925,3.300121626986163,3.992996733784881,4.1554931366215975,4.314536584994236,4.550819286727196,0.6928751067987182,0.09500395750131031,-0.9320949393697082,1.2609526542260405,0.0,0.0,0.0,0.0,765.0,100.0,16.0,2.091503267973856,105.19750523586703,1.4343395809317166e-23,0.9527816127900595,6.068390776351178e-15,,,,,,,,,,,,0.1925373333360818,0.03707062472816948,765.0,8.009952599103385e-08,,1.03849776077057,0.1922421272481945,0.03695703548891101,765.0,8.390714250316564e-08,,1.0383752717695967,numeric
wv_700_av,765.0,765.0,0.0,0.0,100.0,3.2634348842785856,3.332325483427655,0.6566005923766096,0.4311243379093146,0.023739444518043128,20.119923199318183,0.558186181297337,4.566048828900404,4.0078626476030665,1.3655607951663773,1.9714398935995578,2.407587786246208,2.918534872415496,3.764625735688785,4.057952663063962,4.122354339933051,4.266317906376082,0.8460908632732891,0.12660040853234678,-0.8587025006320194,0.7441225511065923,0.0,0.0,0.0,0.0,765.0,100.0,22.0,2.8758169934640523,83.74896032581417,6.518449911119902e-19,0.952839864303151,6.21390957303147e-15,,,,,,,,,,,,0.07072353849376263,0.0050018188970787246,765.0,0.05053980489179379,,1.0050269628548811,0.06632058528512894,0.004398420032562061,765.0,0.06674964712520025,,1.0044178515995383,numeric
wv_850_av,765.0,765.0,0.0,0.0,100.0,2.9732861366456773,3.018353345870366,0.5775344190982987,0.3335460052432094,0.020880800990170933,19.42411165814825,0.384168239472698,4.144686911542488,3.76051867206979,1.3093833825815022,1.9242169696908193,2.2440612082004607,2.674342840429308,3.403676035478859,3.6619933984863913,3.773404980081667,3.981742989596688,0.7293331950495507,0.11999521718177866,-0.8272147832196961,1.1528645174934176,0.0,0.0,0.0,0.0,765.0,100.0,17.0,2.2222222222222223,88.48914880854909,6.092920086807737e-20,0.9624958718427348,4.322501416593655e-13,,,,,,,,,,,,0.08159001134982478,0.006656929952064537,765.0,0.02402422949179509,,1.0067015416453686,0.0777977783412709,0.006052494314837519,765.0,0.031434923199447795,,1.0060893500715264,numeric
wv_950_av,765.0,765.0,0.0,0.0,100.0,2.7707669829685315,2.794409909009535,0.6519660940480884,0.42505978778832076,0.02357188387734881,23.53016684750545,0.382867454744101,4.337951893298952,3.9550844385548505,1.1800541262371682,1.6094105370849603,1.9061089750816311,2.376197204395078,3.244203996262403,3.621469687753991,3.79321032764065,4.011886284332282,0.8680067918673249,0.15443858202965732,-0.3369628930192997,-0.07689053738340279,0.0,0.0,0.0,0.0,765.0,100.0,5.0,0.6535947712418301,14.093500676624364,0.0008702323279783476,0.9905911234161474,8.357323705976355e-05,,,,,,,,,,,,0.21582695397934362,0.04658127406400171,765.0,1.630128519850659e-09,,1.0488571000304945,0.21266382008300297,0.04522590037229586,765.0,2.8423482602725584e-09,,1.0473681684389333,numeric
